representative	duplicate_count	source_files
query_dense_4_1.cypher	18	query_dense_4_1.cypher,query_dense_4_2.cypher,query_dense_4_23.cypher,query_dense_4_43.cypher,query_dense_4_45.cypher,query_dense_4_49.cypher,query_dense_4_87.cypher,query_dense_4_96.cypher,query_dense_4_132.cypher,query_dense_4_146.cypher,query_dense_4_148.cypher,query_dense_4_151.cypher,query_dense_4_163.cypher,query_dense_4_168.cypher,query_dense_4_170.cypher,query_dense_4_174.cypher,query_dense_4_193.cypher,query_dense_4_195.cypher
query_dense_4_3.cypher	9	query_dense_4_3.cypher,query_dense_4_20.cypher,query_dense_4_77.cypher,query_dense_4_88.cypher,query_dense_4_97.cypher,query_dense_4_112.cypher,query_dense_4_117.cypher,query_dense_4_120.cypher,query_dense_4_178.cypher
query_dense_4_4.cypher	24	query_dense_4_4.cypher,query_dense_4_9.cypher,query_dense_4_11.cypher,query_dense_4_13.cypher,query_dense_4_16.cypher,query_dense_4_29.cypher,query_dense_4_38.cypher,query_dense_4_41.cypher,query_dense_4_54.cypher,query_dense_4_58.cypher,query_dense_4_59.cypher,query_dense_4_85.cypher,query_dense_4_89.cypher,query_dense_4_90.cypher,query_dense_4_91.cypher,query_dense_4_99.cypher,query_dense_4_105.cypher,query_dense_4_108.cypher,query_dense_4_133.cypher,query_dense_4_154.cypher,query_dense_4_175.cypher,query_dense_4_184.cypher,query_dense_4_190.cypher,query_dense_4_194.cypher
query_dense_4_5.cypher	3	query_dense_4_5.cypher,query_dense_4_189.cypher,query_dense_4_198.cypher
query_dense_4_6.cypher	103	query_dense_4_6.cypher,query_dense_4_7.cypher,query_dense_4_8.cypher,query_dense_4_10.cypher,query_dense_4_12.cypher,query_dense_4_14.cypher,query_dense_4_15.cypher,query_dense_4_18.cypher,query_dense_4_19.cypher,query_dense_4_21.cypher,query_dense_4_22.cypher,query_dense_4_24.cypher,query_dense_4_25.cypher,query_dense_4_26.cypher,query_dense_4_27.cypher,query_dense_4_30.cypher,query_dense_4_31.cypher,query_dense_4_34.cypher,query_dense_4_36.cypher,query_dense_4_37.cypher,query_dense_4_40.cypher,query_dense_4_42.cypher,query_dense_4_46.cypher,query_dense_4_47.cypher,query_dense_4_51.cypher,query_dense_4_52.cypher,query_dense_4_53.cypher,query_dense_4_55.cypher,query_dense_4_57.cypher,query_dense_4_61.cypher,query_dense_4_62.cypher,query_dense_4_64.cypher,query_dense_4_68.cypher,query_dense_4_69.cypher,query_dense_4_70.cypher,query_dense_4_72.cypher,query_dense_4_74.cypher,query_dense_4_75.cypher,query_dense_4_76.cypher,query_dense_4_78.cypher,query_dense_4_79.cypher,query_dense_4_80.cypher,query_dense_4_82.cypher,query_dense_4_83.cypher,query_dense_4_84.cypher,query_dense_4_92.cypher,query_dense_4_93.cypher,query_dense_4_94.cypher,query_dense_4_98.cypher,query_dense_4_102.cypher,query_dense_4_103.cypher,query_dense_4_104.cypher,query_dense_4_106.cypher,query_dense_4_107.cypher,query_dense_4_109.cypher,query_dense_4_111.cypher,query_dense_4_114.cypher,query_dense_4_115.cypher,query_dense_4_116.cypher,query_dense_4_118.cypher,query_dense_4_121.cypher,query_dense_4_123.cypher,query_dense_4_124.cypher,query_dense_4_125.cypher,query_dense_4_127.cypher,query_dense_4_129.cypher,query_dense_4_131.cypher,query_dense_4_135.cypher,query_dense_4_136.cypher,query_dense_4_137.cypher,query_dense_4_140.cypher,query_dense_4_142.cypher,query_dense_4_145.cypher,query_dense_4_147.cypher,query_dense_4_150.cypher,query_dense_4_152.cypher,query_dense_4_153.cypher,query_dense_4_156.cypher,query_dense_4_157.cypher,query_dense_4_158.cypher,query_dense_4_159.cypher,query_dense_4_160.cypher,query_dense_4_161.cypher,query_dense_4_162.cypher,query_dense_4_164.cypher,query_dense_4_165.cypher,query_dense_4_166.cypher,query_dense_4_171.cypher,query_dense_4_172.cypher,query_dense_4_173.cypher,query_dense_4_176.cypher,query_dense_4_179.cypher,query_dense_4_181.cypher,query_dense_4_182.cypher,query_dense_4_185.cypher,query_dense_4_186.cypher,query_dense_4_188.cypher,query_dense_4_191.cypher,query_dense_4_192.cypher,query_dense_4_196.cypher,query_dense_4_197.cypher,query_dense_4_199.cypher,query_dense_4_200.cypher
query_dense_4_17.cypher	5	query_dense_4_17.cypher,query_dense_4_33.cypher,query_dense_4_126.cypher,query_dense_4_128.cypher,query_dense_4_130.cypher
query_dense_4_28.cypher	4	query_dense_4_28.cypher,query_dense_4_65.cypher,query_dense_4_100.cypher,query_dense_4_119.cypher
query_dense_4_32.cypher	14	query_dense_4_32.cypher,query_dense_4_39.cypher,query_dense_4_44.cypher,query_dense_4_48.cypher,query_dense_4_60.cypher,query_dense_4_63.cypher,query_dense_4_81.cypher,query_dense_4_122.cypher,query_dense_4_138.cypher,query_dense_4_141.cypher,query_dense_4_149.cypher,query_dense_4_155.cypher,query_dense_4_180.cypher,query_dense_4_183.cypher
query_dense_4_35.cypher	5	query_dense_4_35.cypher,query_dense_4_101.cypher,query_dense_4_113.cypher,query_dense_4_167.cypher,query_dense_4_169.cypher
query_dense_4_50.cypher	6	query_dense_4_50.cypher,query_dense_4_67.cypher,query_dense_4_73.cypher,query_dense_4_139.cypher,query_dense_4_143.cypher,query_dense_4_177.cypher
query_dense_4_56.cypher	2	query_dense_4_56.cypher,query_dense_4_71.cypher
query_dense_4_66.cypher	2	query_dense_4_66.cypher,query_dense_4_144.cypher
query_dense_4_86.cypher	3	query_dense_4_86.cypher,query_dense_4_95.cypher,query_dense_4_187.cypher
query_dense_4_110.cypher	2	query_dense_4_110.cypher,query_dense_4_134.cypher
query_dense_8_1.cypher	2	query_dense_8_1.cypher,query_dense_8_87.cypher
query_dense_8_2.cypher	1	query_dense_8_2.cypher
query_dense_8_3.cypher	1	query_dense_8_3.cypher
query_dense_8_4.cypher	1	query_dense_8_4.cypher
query_dense_8_5.cypher	9	query_dense_8_5.cypher,query_dense_8_21.cypher,query_dense_8_30.cypher,query_dense_8_72.cypher,query_dense_8_77.cypher,query_dense_8_104.cypher,query_dense_8_111.cypher,query_dense_8_163.cypher,query_dense_8_180.cypher
query_dense_8_6.cypher	1	query_dense_8_6.cypher
query_dense_8_7.cypher	1	query_dense_8_7.cypher
query_dense_8_8.cypher	1	query_dense_8_8.cypher
query_dense_8_9.cypher	1	query_dense_8_9.cypher
query_dense_8_10.cypher	2	query_dense_8_10.cypher,query_dense_8_165.cypher
query_dense_8_11.cypher	2	query_dense_8_11.cypher,query_dense_8_106.cypher
query_dense_8_12.cypher	1	query_dense_8_12.cypher
query_dense_8_13.cypher	1	query_dense_8_13.cypher
query_dense_8_14.cypher	1	query_dense_8_14.cypher
query_dense_8_15.cypher	1	query_dense_8_15.cypher
query_dense_8_16.cypher	1	query_dense_8_16.cypher
query_dense_8_17.cypher	1	query_dense_8_17.cypher
query_dense_8_18.cypher	1	query_dense_8_18.cypher
query_dense_8_19.cypher	1	query_dense_8_19.cypher
query_dense_8_20.cypher	1	query_dense_8_20.cypher
query_dense_8_22.cypher	1	query_dense_8_22.cypher
query_dense_8_23.cypher	1	query_dense_8_23.cypher
query_dense_8_24.cypher	3	query_dense_8_24.cypher,query_dense_8_174.cypher,query_dense_8_190.cypher
query_dense_8_25.cypher	1	query_dense_8_25.cypher
query_dense_8_26.cypher	1	query_dense_8_26.cypher
query_dense_8_27.cypher	1	query_dense_8_27.cypher
query_dense_8_28.cypher	2	query_dense_8_28.cypher,query_dense_8_177.cypher
query_dense_8_29.cypher	1	query_dense_8_29.cypher
query_dense_8_31.cypher	1	query_dense_8_31.cypher
query_dense_8_32.cypher	1	query_dense_8_32.cypher
query_dense_8_33.cypher	1	query_dense_8_33.cypher
query_dense_8_34.cypher	1	query_dense_8_34.cypher
query_dense_8_35.cypher	1	query_dense_8_35.cypher
query_dense_8_36.cypher	1	query_dense_8_36.cypher
query_dense_8_37.cypher	1	query_dense_8_37.cypher
query_dense_8_38.cypher	1	query_dense_8_38.cypher
query_dense_8_39.cypher	1	query_dense_8_39.cypher
query_dense_8_40.cypher	1	query_dense_8_40.cypher
query_dense_8_41.cypher	1	query_dense_8_41.cypher
query_dense_8_42.cypher	1	query_dense_8_42.cypher
query_dense_8_43.cypher	1	query_dense_8_43.cypher
query_dense_8_44.cypher	1	query_dense_8_44.cypher
query_dense_8_45.cypher	1	query_dense_8_45.cypher
query_dense_8_46.cypher	1	query_dense_8_46.cypher
query_dense_8_47.cypher	1	query_dense_8_47.cypher
query_dense_8_48.cypher	1	query_dense_8_48.cypher
query_dense_8_49.cypher	1	query_dense_8_49.cypher
query_dense_8_50.cypher	1	query_dense_8_50.cypher
query_dense_8_51.cypher	2	query_dense_8_51.cypher,query_dense_8_81.cypher
query_dense_8_52.cypher	1	query_dense_8_52.cypher
query_dense_8_53.cypher	1	query_dense_8_53.cypher
query_dense_8_54.cypher	1	query_dense_8_54.cypher
query_dense_8_55.cypher	1	query_dense_8_55.cypher
query_dense_8_56.cypher	1	query_dense_8_56.cypher
query_dense_8_57.cypher	1	query_dense_8_57.cypher
query_dense_8_58.cypher	1	query_dense_8_58.cypher
query_dense_8_59.cypher	1	query_dense_8_59.cypher
query_dense_8_60.cypher	1	query_dense_8_60.cypher
query_dense_8_61.cypher	1	query_dense_8_61.cypher
query_dense_8_62.cypher	1	query_dense_8_62.cypher
query_dense_8_63.cypher	2	query_dense_8_63.cypher,query_dense_8_75.cypher
query_dense_8_64.cypher	2	query_dense_8_64.cypher,query_dense_8_76.cypher
query_dense_8_65.cypher	1	query_dense_8_65.cypher
query_dense_8_66.cypher	1	query_dense_8_66.cypher
query_dense_8_67.cypher	1	query_dense_8_67.cypher
query_dense_8_68.cypher	1	query_dense_8_68.cypher
query_dense_8_69.cypher	1	query_dense_8_69.cypher
query_dense_8_70.cypher	1	query_dense_8_70.cypher
query_dense_8_71.cypher	2	query_dense_8_71.cypher,query_dense_8_137.cypher
query_dense_8_73.cypher	2	query_dense_8_73.cypher,query_dense_8_123.cypher
query_dense_8_74.cypher	1	query_dense_8_74.cypher
query_dense_8_78.cypher	1	query_dense_8_78.cypher
query_dense_8_79.cypher	1	query_dense_8_79.cypher
query_dense_8_80.cypher	1	query_dense_8_80.cypher
query_dense_8_82.cypher	1	query_dense_8_82.cypher
query_dense_8_83.cypher	1	query_dense_8_83.cypher
query_dense_8_84.cypher	1	query_dense_8_84.cypher
query_dense_8_85.cypher	1	query_dense_8_85.cypher
query_dense_8_86.cypher	1	query_dense_8_86.cypher
query_dense_8_88.cypher	1	query_dense_8_88.cypher
query_dense_8_89.cypher	1	query_dense_8_89.cypher
query_dense_8_90.cypher	1	query_dense_8_90.cypher
query_dense_8_91.cypher	1	query_dense_8_91.cypher
query_dense_8_92.cypher	1	query_dense_8_92.cypher
query_dense_8_93.cypher	2	query_dense_8_93.cypher,query_dense_8_152.cypher
query_dense_8_94.cypher	1	query_dense_8_94.cypher
query_dense_8_95.cypher	1	query_dense_8_95.cypher
query_dense_8_96.cypher	1	query_dense_8_96.cypher
query_dense_8_97.cypher	1	query_dense_8_97.cypher
query_dense_8_98.cypher	1	query_dense_8_98.cypher
query_dense_8_99.cypher	1	query_dense_8_99.cypher
query_dense_8_100.cypher	1	query_dense_8_100.cypher
query_dense_8_101.cypher	1	query_dense_8_101.cypher
query_dense_8_102.cypher	1	query_dense_8_102.cypher
query_dense_8_103.cypher	1	query_dense_8_103.cypher
query_dense_8_105.cypher	1	query_dense_8_105.cypher
query_dense_8_107.cypher	1	query_dense_8_107.cypher
query_dense_8_108.cypher	1	query_dense_8_108.cypher
query_dense_8_109.cypher	1	query_dense_8_109.cypher
query_dense_8_110.cypher	1	query_dense_8_110.cypher
query_dense_8_112.cypher	1	query_dense_8_112.cypher
query_dense_8_113.cypher	1	query_dense_8_113.cypher
query_dense_8_114.cypher	1	query_dense_8_114.cypher
query_dense_8_115.cypher	1	query_dense_8_115.cypher
query_dense_8_116.cypher	1	query_dense_8_116.cypher
query_dense_8_117.cypher	1	query_dense_8_117.cypher
query_dense_8_118.cypher	1	query_dense_8_118.cypher
query_dense_8_119.cypher	1	query_dense_8_119.cypher
query_dense_8_120.cypher	1	query_dense_8_120.cypher
query_dense_8_121.cypher	1	query_dense_8_121.cypher
query_dense_8_122.cypher	1	query_dense_8_122.cypher
query_dense_8_124.cypher	1	query_dense_8_124.cypher
query_dense_8_125.cypher	1	query_dense_8_125.cypher
query_dense_8_126.cypher	1	query_dense_8_126.cypher
query_dense_8_127.cypher	1	query_dense_8_127.cypher
query_dense_8_128.cypher	1	query_dense_8_128.cypher
query_dense_8_129.cypher	1	query_dense_8_129.cypher
query_dense_8_130.cypher	1	query_dense_8_130.cypher
query_dense_8_131.cypher	1	query_dense_8_131.cypher
query_dense_8_132.cypher	1	query_dense_8_132.cypher
query_dense_8_133.cypher	1	query_dense_8_133.cypher
query_dense_8_134.cypher	1	query_dense_8_134.cypher
query_dense_8_135.cypher	1	query_dense_8_135.cypher
query_dense_8_136.cypher	1	query_dense_8_136.cypher
query_dense_8_138.cypher	1	query_dense_8_138.cypher
query_dense_8_139.cypher	1	query_dense_8_139.cypher
query_dense_8_140.cypher	1	query_dense_8_140.cypher
query_dense_8_141.cypher	1	query_dense_8_141.cypher
query_dense_8_142.cypher	1	query_dense_8_142.cypher
query_dense_8_143.cypher	1	query_dense_8_143.cypher
query_dense_8_144.cypher	1	query_dense_8_144.cypher
query_dense_8_145.cypher	1	query_dense_8_145.cypher
query_dense_8_146.cypher	1	query_dense_8_146.cypher
query_dense_8_147.cypher	1	query_dense_8_147.cypher
query_dense_8_148.cypher	1	query_dense_8_148.cypher
query_dense_8_149.cypher	1	query_dense_8_149.cypher
query_dense_8_150.cypher	1	query_dense_8_150.cypher
query_dense_8_151.cypher	2	query_dense_8_151.cypher,query_dense_8_193.cypher
query_dense_8_153.cypher	1	query_dense_8_153.cypher
query_dense_8_154.cypher	1	query_dense_8_154.cypher
query_dense_8_155.cypher	1	query_dense_8_155.cypher
query_dense_8_156.cypher	1	query_dense_8_156.cypher
query_dense_8_157.cypher	1	query_dense_8_157.cypher
query_dense_8_158.cypher	1	query_dense_8_158.cypher
query_dense_8_159.cypher	1	query_dense_8_159.cypher
query_dense_8_160.cypher	1	query_dense_8_160.cypher
query_dense_8_161.cypher	1	query_dense_8_161.cypher
query_dense_8_162.cypher	1	query_dense_8_162.cypher
query_dense_8_164.cypher	1	query_dense_8_164.cypher
query_dense_8_166.cypher	1	query_dense_8_166.cypher
query_dense_8_167.cypher	1	query_dense_8_167.cypher
query_dense_8_168.cypher	1	query_dense_8_168.cypher
query_dense_8_169.cypher	1	query_dense_8_169.cypher
query_dense_8_170.cypher	1	query_dense_8_170.cypher
query_dense_8_171.cypher	1	query_dense_8_171.cypher
query_dense_8_172.cypher	1	query_dense_8_172.cypher
query_dense_8_173.cypher	1	query_dense_8_173.cypher
query_dense_8_175.cypher	1	query_dense_8_175.cypher
query_dense_8_176.cypher	1	query_dense_8_176.cypher
query_dense_8_178.cypher	1	query_dense_8_178.cypher
query_dense_8_179.cypher	1	query_dense_8_179.cypher
query_dense_8_181.cypher	1	query_dense_8_181.cypher
query_dense_8_182.cypher	1	query_dense_8_182.cypher
query_dense_8_183.cypher	1	query_dense_8_183.cypher
query_dense_8_184.cypher	1	query_dense_8_184.cypher
query_dense_8_185.cypher	1	query_dense_8_185.cypher
query_dense_8_186.cypher	1	query_dense_8_186.cypher
query_dense_8_187.cypher	1	query_dense_8_187.cypher
query_dense_8_188.cypher	1	query_dense_8_188.cypher
query_dense_8_189.cypher	1	query_dense_8_189.cypher
query_dense_8_191.cypher	1	query_dense_8_191.cypher
query_dense_8_192.cypher	1	query_dense_8_192.cypher
query_dense_8_194.cypher	1	query_dense_8_194.cypher
query_dense_8_195.cypher	1	query_dense_8_195.cypher
query_dense_8_196.cypher	1	query_dense_8_196.cypher
query_dense_8_197.cypher	1	query_dense_8_197.cypher
query_dense_8_198.cypher	1	query_dense_8_198.cypher
query_dense_8_199.cypher	1	query_dense_8_199.cypher
query_dense_8_200.cypher	1	query_dense_8_200.cypher
query_dense_16_1.cypher	1	query_dense_16_1.cypher
query_dense_16_2.cypher	1	query_dense_16_2.cypher
query_dense_16_3.cypher	1	query_dense_16_3.cypher
query_dense_16_4.cypher	1	query_dense_16_4.cypher
query_dense_16_5.cypher	1	query_dense_16_5.cypher
query_dense_16_6.cypher	1	query_dense_16_6.cypher
query_dense_16_7.cypher	1	query_dense_16_7.cypher
query_dense_16_8.cypher	1	query_dense_16_8.cypher
query_dense_16_9.cypher	1	query_dense_16_9.cypher
query_dense_16_10.cypher	1	query_dense_16_10.cypher
query_dense_16_11.cypher	1	query_dense_16_11.cypher
query_dense_16_12.cypher	1	query_dense_16_12.cypher
query_dense_16_13.cypher	1	query_dense_16_13.cypher
query_dense_16_14.cypher	1	query_dense_16_14.cypher
query_dense_16_15.cypher	1	query_dense_16_15.cypher
query_dense_16_16.cypher	1	query_dense_16_16.cypher
query_dense_16_17.cypher	1	query_dense_16_17.cypher
query_dense_16_18.cypher	1	query_dense_16_18.cypher
query_dense_16_19.cypher	1	query_dense_16_19.cypher
query_dense_16_20.cypher	1	query_dense_16_20.cypher
query_dense_16_21.cypher	1	query_dense_16_21.cypher
query_dense_16_22.cypher	1	query_dense_16_22.cypher
query_dense_16_23.cypher	1	query_dense_16_23.cypher
query_dense_16_24.cypher	1	query_dense_16_24.cypher
query_dense_16_25.cypher	1	query_dense_16_25.cypher
query_dense_16_26.cypher	1	query_dense_16_26.cypher
query_dense_16_27.cypher	1	query_dense_16_27.cypher
query_dense_16_28.cypher	1	query_dense_16_28.cypher
query_dense_16_29.cypher	1	query_dense_16_29.cypher
query_dense_16_30.cypher	1	query_dense_16_30.cypher
query_dense_16_31.cypher	1	query_dense_16_31.cypher
query_dense_16_32.cypher	1	query_dense_16_32.cypher
query_dense_16_33.cypher	1	query_dense_16_33.cypher
query_dense_16_34.cypher	1	query_dense_16_34.cypher
query_dense_16_35.cypher	1	query_dense_16_35.cypher
query_dense_16_36.cypher	1	query_dense_16_36.cypher
query_dense_16_37.cypher	1	query_dense_16_37.cypher
query_dense_16_38.cypher	1	query_dense_16_38.cypher
query_dense_16_39.cypher	1	query_dense_16_39.cypher
query_dense_16_40.cypher	1	query_dense_16_40.cypher
query_dense_16_41.cypher	1	query_dense_16_41.cypher
query_dense_16_42.cypher	1	query_dense_16_42.cypher
query_dense_16_43.cypher	1	query_dense_16_43.cypher
query_dense_16_44.cypher	1	query_dense_16_44.cypher
query_dense_16_45.cypher	2	query_dense_16_45.cypher,query_dense_16_61.cypher
query_dense_16_46.cypher	1	query_dense_16_46.cypher
query_dense_16_47.cypher	1	query_dense_16_47.cypher
query_dense_16_48.cypher	1	query_dense_16_48.cypher
query_dense_16_49.cypher	1	query_dense_16_49.cypher
query_dense_16_50.cypher	1	query_dense_16_50.cypher
query_dense_16_51.cypher	1	query_dense_16_51.cypher
query_dense_16_52.cypher	1	query_dense_16_52.cypher
query_dense_16_53.cypher	1	query_dense_16_53.cypher
query_dense_16_54.cypher	1	query_dense_16_54.cypher
query_dense_16_55.cypher	1	query_dense_16_55.cypher
query_dense_16_56.cypher	1	query_dense_16_56.cypher
query_dense_16_57.cypher	1	query_dense_16_57.cypher
query_dense_16_58.cypher	1	query_dense_16_58.cypher
query_dense_16_59.cypher	1	query_dense_16_59.cypher
query_dense_16_60.cypher	1	query_dense_16_60.cypher
query_dense_16_62.cypher	1	query_dense_16_62.cypher
query_dense_16_63.cypher	1	query_dense_16_63.cypher
query_dense_16_64.cypher	1	query_dense_16_64.cypher
query_dense_16_65.cypher	1	query_dense_16_65.cypher
query_dense_16_66.cypher	1	query_dense_16_66.cypher
query_dense_16_67.cypher	1	query_dense_16_67.cypher
query_dense_16_68.cypher	1	query_dense_16_68.cypher
query_dense_16_69.cypher	1	query_dense_16_69.cypher
query_dense_16_70.cypher	1	query_dense_16_70.cypher
query_dense_16_71.cypher	1	query_dense_16_71.cypher
query_dense_16_72.cypher	1	query_dense_16_72.cypher
query_dense_16_73.cypher	1	query_dense_16_73.cypher
query_dense_16_74.cypher	1	query_dense_16_74.cypher
query_dense_16_75.cypher	1	query_dense_16_75.cypher
query_dense_16_76.cypher	1	query_dense_16_76.cypher
query_dense_16_77.cypher	1	query_dense_16_77.cypher
query_dense_16_78.cypher	1	query_dense_16_78.cypher
query_dense_16_79.cypher	1	query_dense_16_79.cypher
query_dense_16_80.cypher	1	query_dense_16_80.cypher
query_dense_16_81.cypher	1	query_dense_16_81.cypher
query_dense_16_82.cypher	1	query_dense_16_82.cypher
query_dense_16_83.cypher	1	query_dense_16_83.cypher
query_dense_16_84.cypher	1	query_dense_16_84.cypher
query_dense_16_85.cypher	1	query_dense_16_85.cypher
query_dense_16_86.cypher	1	query_dense_16_86.cypher
query_dense_16_87.cypher	1	query_dense_16_87.cypher
query_dense_16_88.cypher	1	query_dense_16_88.cypher
query_dense_16_89.cypher	1	query_dense_16_89.cypher
query_dense_16_90.cypher	1	query_dense_16_90.cypher
query_dense_16_91.cypher	1	query_dense_16_91.cypher
query_dense_16_92.cypher	1	query_dense_16_92.cypher
query_dense_16_93.cypher	1	query_dense_16_93.cypher
query_dense_16_94.cypher	1	query_dense_16_94.cypher
query_dense_16_95.cypher	1	query_dense_16_95.cypher
query_dense_16_96.cypher	1	query_dense_16_96.cypher
query_dense_16_97.cypher	1	query_dense_16_97.cypher
query_dense_16_98.cypher	1	query_dense_16_98.cypher
query_dense_16_99.cypher	1	query_dense_16_99.cypher
query_dense_16_100.cypher	1	query_dense_16_100.cypher
query_dense_16_101.cypher	1	query_dense_16_101.cypher
query_dense_16_102.cypher	1	query_dense_16_102.cypher
query_dense_16_103.cypher	1	query_dense_16_103.cypher
query_dense_16_104.cypher	1	query_dense_16_104.cypher
query_dense_16_105.cypher	1	query_dense_16_105.cypher
query_dense_16_106.cypher	1	query_dense_16_106.cypher
query_dense_16_107.cypher	1	query_dense_16_107.cypher
query_dense_16_108.cypher	1	query_dense_16_108.cypher
query_dense_16_109.cypher	1	query_dense_16_109.cypher
query_dense_16_110.cypher	1	query_dense_16_110.cypher
query_dense_16_111.cypher	1	query_dense_16_111.cypher
query_dense_16_112.cypher	1	query_dense_16_112.cypher
query_dense_16_113.cypher	1	query_dense_16_113.cypher
query_dense_16_114.cypher	1	query_dense_16_114.cypher
query_dense_16_115.cypher	1	query_dense_16_115.cypher
query_dense_16_116.cypher	1	query_dense_16_116.cypher
query_dense_16_117.cypher	1	query_dense_16_117.cypher
query_dense_16_118.cypher	1	query_dense_16_118.cypher
query_dense_16_119.cypher	1	query_dense_16_119.cypher
query_dense_16_120.cypher	1	query_dense_16_120.cypher
query_dense_16_121.cypher	1	query_dense_16_121.cypher
query_dense_16_122.cypher	1	query_dense_16_122.cypher
query_dense_16_123.cypher	1	query_dense_16_123.cypher
query_dense_16_124.cypher	1	query_dense_16_124.cypher
query_dense_16_125.cypher	1	query_dense_16_125.cypher
query_dense_16_126.cypher	1	query_dense_16_126.cypher
query_dense_16_127.cypher	1	query_dense_16_127.cypher
query_dense_16_128.cypher	1	query_dense_16_128.cypher
query_dense_16_129.cypher	1	query_dense_16_129.cypher
query_dense_16_130.cypher	1	query_dense_16_130.cypher
query_dense_16_131.cypher	1	query_dense_16_131.cypher
query_dense_16_132.cypher	1	query_dense_16_132.cypher
query_dense_16_133.cypher	1	query_dense_16_133.cypher
query_dense_16_134.cypher	1	query_dense_16_134.cypher
query_dense_16_135.cypher	1	query_dense_16_135.cypher
query_dense_16_136.cypher	1	query_dense_16_136.cypher
query_dense_16_137.cypher	1	query_dense_16_137.cypher
query_dense_16_138.cypher	1	query_dense_16_138.cypher
query_dense_16_139.cypher	1	query_dense_16_139.cypher
query_dense_16_140.cypher	1	query_dense_16_140.cypher
query_dense_16_141.cypher	1	query_dense_16_141.cypher
query_dense_16_142.cypher	1	query_dense_16_142.cypher
query_dense_16_143.cypher	1	query_dense_16_143.cypher
query_dense_16_144.cypher	1	query_dense_16_144.cypher
query_dense_16_145.cypher	1	query_dense_16_145.cypher
query_dense_16_146.cypher	1	query_dense_16_146.cypher
query_dense_16_147.cypher	1	query_dense_16_147.cypher
query_dense_16_148.cypher	1	query_dense_16_148.cypher
query_dense_16_149.cypher	1	query_dense_16_149.cypher
query_dense_16_150.cypher	1	query_dense_16_150.cypher
query_dense_16_151.cypher	1	query_dense_16_151.cypher
query_dense_16_152.cypher	1	query_dense_16_152.cypher
query_dense_16_153.cypher	1	query_dense_16_153.cypher
query_dense_16_154.cypher	1	query_dense_16_154.cypher
query_dense_16_155.cypher	1	query_dense_16_155.cypher
query_dense_16_156.cypher	1	query_dense_16_156.cypher
query_dense_16_157.cypher	1	query_dense_16_157.cypher
query_dense_16_158.cypher	1	query_dense_16_158.cypher
query_dense_16_159.cypher	1	query_dense_16_159.cypher
query_dense_16_160.cypher	1	query_dense_16_160.cypher
query_dense_16_161.cypher	1	query_dense_16_161.cypher
query_dense_16_162.cypher	1	query_dense_16_162.cypher
query_dense_16_163.cypher	1	query_dense_16_163.cypher
query_dense_16_164.cypher	1	query_dense_16_164.cypher
query_dense_16_165.cypher	1	query_dense_16_165.cypher
query_dense_16_166.cypher	1	query_dense_16_166.cypher
query_dense_16_167.cypher	1	query_dense_16_167.cypher
query_dense_16_168.cypher	1	query_dense_16_168.cypher
query_dense_16_169.cypher	1	query_dense_16_169.cypher
query_dense_16_170.cypher	1	query_dense_16_170.cypher
query_dense_16_171.cypher	1	query_dense_16_171.cypher
query_dense_16_172.cypher	1	query_dense_16_172.cypher
query_dense_16_173.cypher	1	query_dense_16_173.cypher
query_dense_16_174.cypher	1	query_dense_16_174.cypher
query_dense_16_175.cypher	1	query_dense_16_175.cypher
query_dense_16_176.cypher	1	query_dense_16_176.cypher
query_dense_16_177.cypher	1	query_dense_16_177.cypher
query_dense_16_178.cypher	1	query_dense_16_178.cypher
query_dense_16_179.cypher	1	query_dense_16_179.cypher
query_dense_16_180.cypher	1	query_dense_16_180.cypher
query_dense_16_181.cypher	1	query_dense_16_181.cypher
query_dense_16_182.cypher	1	query_dense_16_182.cypher
query_dense_16_183.cypher	1	query_dense_16_183.cypher
query_dense_16_184.cypher	1	query_dense_16_184.cypher
query_dense_16_185.cypher	1	query_dense_16_185.cypher
query_dense_16_186.cypher	1	query_dense_16_186.cypher
query_dense_16_187.cypher	1	query_dense_16_187.cypher
query_dense_16_188.cypher	1	query_dense_16_188.cypher
query_dense_16_189.cypher	1	query_dense_16_189.cypher
query_dense_16_190.cypher	1	query_dense_16_190.cypher
query_dense_16_191.cypher	1	query_dense_16_191.cypher
query_dense_16_192.cypher	1	query_dense_16_192.cypher
query_dense_16_193.cypher	1	query_dense_16_193.cypher
query_dense_16_194.cypher	1	query_dense_16_194.cypher
query_dense_16_195.cypher	1	query_dense_16_195.cypher
query_dense_16_196.cypher	1	query_dense_16_196.cypher
query_dense_16_197.cypher	1	query_dense_16_197.cypher
query_dense_16_198.cypher	1	query_dense_16_198.cypher
query_dense_16_199.cypher	1	query_dense_16_199.cypher
query_dense_16_200.cypher	1	query_dense_16_200.cypher
query_dense_24_1.cypher	1	query_dense_24_1.cypher
query_dense_24_2.cypher	1	query_dense_24_2.cypher
query_dense_24_3.cypher	1	query_dense_24_3.cypher
query_dense_24_4.cypher	1	query_dense_24_4.cypher
query_dense_24_5.cypher	1	query_dense_24_5.cypher
query_dense_24_6.cypher	1	query_dense_24_6.cypher
query_dense_24_7.cypher	1	query_dense_24_7.cypher
query_dense_24_8.cypher	1	query_dense_24_8.cypher
query_dense_24_9.cypher	1	query_dense_24_9.cypher
query_dense_24_10.cypher	1	query_dense_24_10.cypher
query_dense_24_11.cypher	1	query_dense_24_11.cypher
query_dense_24_12.cypher	1	query_dense_24_12.cypher
query_dense_24_13.cypher	1	query_dense_24_13.cypher
query_dense_24_14.cypher	1	query_dense_24_14.cypher
query_dense_24_15.cypher	1	query_dense_24_15.cypher
query_dense_24_16.cypher	1	query_dense_24_16.cypher
query_dense_24_17.cypher	1	query_dense_24_17.cypher
query_dense_24_18.cypher	1	query_dense_24_18.cypher
query_dense_24_19.cypher	1	query_dense_24_19.cypher
query_dense_24_20.cypher	1	query_dense_24_20.cypher
query_dense_24_21.cypher	1	query_dense_24_21.cypher
query_dense_24_22.cypher	1	query_dense_24_22.cypher
query_dense_24_23.cypher	1	query_dense_24_23.cypher
query_dense_24_24.cypher	1	query_dense_24_24.cypher
query_dense_24_25.cypher	1	query_dense_24_25.cypher
query_dense_24_26.cypher	1	query_dense_24_26.cypher
query_dense_24_27.cypher	1	query_dense_24_27.cypher
query_dense_24_28.cypher	1	query_dense_24_28.cypher
query_dense_24_29.cypher	1	query_dense_24_29.cypher
query_dense_24_30.cypher	1	query_dense_24_30.cypher
query_dense_24_31.cypher	1	query_dense_24_31.cypher
query_dense_24_32.cypher	1	query_dense_24_32.cypher
query_dense_24_33.cypher	1	query_dense_24_33.cypher
query_dense_24_34.cypher	1	query_dense_24_34.cypher
query_dense_24_35.cypher	1	query_dense_24_35.cypher
query_dense_24_36.cypher	1	query_dense_24_36.cypher
query_dense_24_37.cypher	1	query_dense_24_37.cypher
query_dense_24_38.cypher	1	query_dense_24_38.cypher
query_dense_24_39.cypher	1	query_dense_24_39.cypher
query_dense_24_40.cypher	1	query_dense_24_40.cypher
query_dense_24_41.cypher	1	query_dense_24_41.cypher
query_dense_24_42.cypher	1	query_dense_24_42.cypher
query_dense_24_43.cypher	1	query_dense_24_43.cypher
query_dense_24_44.cypher	1	query_dense_24_44.cypher
query_dense_24_45.cypher	1	query_dense_24_45.cypher
query_dense_24_46.cypher	1	query_dense_24_46.cypher
query_dense_24_47.cypher	1	query_dense_24_47.cypher
query_dense_24_48.cypher	1	query_dense_24_48.cypher
query_dense_24_49.cypher	1	query_dense_24_49.cypher
query_dense_24_50.cypher	1	query_dense_24_50.cypher
query_dense_24_51.cypher	1	query_dense_24_51.cypher
query_dense_24_52.cypher	1	query_dense_24_52.cypher
query_dense_24_53.cypher	1	query_dense_24_53.cypher
query_dense_24_54.cypher	1	query_dense_24_54.cypher
query_dense_24_55.cypher	1	query_dense_24_55.cypher
query_dense_24_56.cypher	1	query_dense_24_56.cypher
query_dense_24_57.cypher	1	query_dense_24_57.cypher
query_dense_24_58.cypher	1	query_dense_24_58.cypher
query_dense_24_59.cypher	1	query_dense_24_59.cypher
query_dense_24_60.cypher	1	query_dense_24_60.cypher
query_dense_24_61.cypher	1	query_dense_24_61.cypher
query_dense_24_62.cypher	1	query_dense_24_62.cypher
query_dense_24_63.cypher	1	query_dense_24_63.cypher
query_dense_24_64.cypher	1	query_dense_24_64.cypher
query_dense_24_65.cypher	1	query_dense_24_65.cypher
query_dense_24_66.cypher	1	query_dense_24_66.cypher
query_dense_24_67.cypher	1	query_dense_24_67.cypher
query_dense_24_68.cypher	1	query_dense_24_68.cypher
query_dense_24_69.cypher	1	query_dense_24_69.cypher
query_dense_24_70.cypher	1	query_dense_24_70.cypher
query_dense_24_71.cypher	1	query_dense_24_71.cypher
query_dense_24_72.cypher	1	query_dense_24_72.cypher
query_dense_24_73.cypher	1	query_dense_24_73.cypher
query_dense_24_74.cypher	1	query_dense_24_74.cypher
query_dense_24_75.cypher	1	query_dense_24_75.cypher
query_dense_24_76.cypher	1	query_dense_24_76.cypher
query_dense_24_77.cypher	1	query_dense_24_77.cypher
query_dense_24_78.cypher	1	query_dense_24_78.cypher
query_dense_24_79.cypher	1	query_dense_24_79.cypher
query_dense_24_80.cypher	1	query_dense_24_80.cypher
query_dense_24_81.cypher	1	query_dense_24_81.cypher
query_dense_24_82.cypher	1	query_dense_24_82.cypher
query_dense_24_83.cypher	1	query_dense_24_83.cypher
query_dense_24_84.cypher	1	query_dense_24_84.cypher
query_dense_24_85.cypher	1	query_dense_24_85.cypher
query_dense_24_86.cypher	1	query_dense_24_86.cypher
query_dense_24_87.cypher	1	query_dense_24_87.cypher
query_dense_24_88.cypher	1	query_dense_24_88.cypher
query_dense_24_89.cypher	1	query_dense_24_89.cypher
query_dense_24_90.cypher	1	query_dense_24_90.cypher
query_dense_24_91.cypher	1	query_dense_24_91.cypher
query_dense_24_92.cypher	1	query_dense_24_92.cypher
query_dense_24_93.cypher	1	query_dense_24_93.cypher
query_dense_24_94.cypher	1	query_dense_24_94.cypher
query_dense_24_95.cypher	1	query_dense_24_95.cypher
query_dense_24_96.cypher	1	query_dense_24_96.cypher
query_dense_24_97.cypher	1	query_dense_24_97.cypher
query_dense_24_98.cypher	1	query_dense_24_98.cypher
query_dense_24_99.cypher	1	query_dense_24_99.cypher
query_dense_24_100.cypher	1	query_dense_24_100.cypher
query_dense_24_101.cypher	1	query_dense_24_101.cypher
query_dense_24_102.cypher	1	query_dense_24_102.cypher
query_dense_24_103.cypher	1	query_dense_24_103.cypher
query_dense_24_104.cypher	1	query_dense_24_104.cypher
query_dense_24_105.cypher	1	query_dense_24_105.cypher
query_dense_24_106.cypher	1	query_dense_24_106.cypher
query_dense_24_107.cypher	1	query_dense_24_107.cypher
query_dense_24_108.cypher	1	query_dense_24_108.cypher
query_dense_24_109.cypher	1	query_dense_24_109.cypher
query_dense_24_110.cypher	1	query_dense_24_110.cypher
query_dense_24_111.cypher	1	query_dense_24_111.cypher
query_dense_24_112.cypher	1	query_dense_24_112.cypher
query_dense_24_113.cypher	1	query_dense_24_113.cypher
query_dense_24_114.cypher	1	query_dense_24_114.cypher
query_dense_24_115.cypher	1	query_dense_24_115.cypher
query_dense_24_116.cypher	1	query_dense_24_116.cypher
query_dense_24_117.cypher	1	query_dense_24_117.cypher
query_dense_24_118.cypher	1	query_dense_24_118.cypher
query_dense_24_119.cypher	1	query_dense_24_119.cypher
query_dense_24_120.cypher	1	query_dense_24_120.cypher
query_dense_24_121.cypher	1	query_dense_24_121.cypher
query_dense_24_122.cypher	1	query_dense_24_122.cypher
query_dense_24_123.cypher	1	query_dense_24_123.cypher
query_dense_24_124.cypher	1	query_dense_24_124.cypher
query_dense_24_125.cypher	1	query_dense_24_125.cypher
query_dense_24_126.cypher	1	query_dense_24_126.cypher
query_dense_24_127.cypher	1	query_dense_24_127.cypher
query_dense_24_128.cypher	1	query_dense_24_128.cypher
query_dense_24_129.cypher	1	query_dense_24_129.cypher
query_dense_24_130.cypher	1	query_dense_24_130.cypher
query_dense_24_131.cypher	1	query_dense_24_131.cypher
query_dense_24_132.cypher	1	query_dense_24_132.cypher
query_dense_24_133.cypher	1	query_dense_24_133.cypher
query_dense_24_134.cypher	1	query_dense_24_134.cypher
query_dense_24_135.cypher	1	query_dense_24_135.cypher
query_dense_24_136.cypher	1	query_dense_24_136.cypher
query_dense_24_137.cypher	1	query_dense_24_137.cypher
query_dense_24_138.cypher	1	query_dense_24_138.cypher
query_dense_24_139.cypher	1	query_dense_24_139.cypher
query_dense_24_140.cypher	1	query_dense_24_140.cypher
query_dense_24_141.cypher	2	query_dense_24_141.cypher,query_dense_24_191.cypher
query_dense_24_142.cypher	1	query_dense_24_142.cypher
query_dense_24_143.cypher	1	query_dense_24_143.cypher
query_dense_24_144.cypher	1	query_dense_24_144.cypher
query_dense_24_145.cypher	1	query_dense_24_145.cypher
query_dense_24_146.cypher	1	query_dense_24_146.cypher
query_dense_24_147.cypher	1	query_dense_24_147.cypher
query_dense_24_148.cypher	1	query_dense_24_148.cypher
query_dense_24_149.cypher	1	query_dense_24_149.cypher
query_dense_24_150.cypher	1	query_dense_24_150.cypher
query_dense_24_151.cypher	1	query_dense_24_151.cypher
query_dense_24_152.cypher	1	query_dense_24_152.cypher
query_dense_24_153.cypher	1	query_dense_24_153.cypher
query_dense_24_154.cypher	1	query_dense_24_154.cypher
query_dense_24_155.cypher	1	query_dense_24_155.cypher
query_dense_24_156.cypher	1	query_dense_24_156.cypher
query_dense_24_157.cypher	1	query_dense_24_157.cypher
query_dense_24_158.cypher	1	query_dense_24_158.cypher
query_dense_24_159.cypher	1	query_dense_24_159.cypher
query_dense_24_160.cypher	1	query_dense_24_160.cypher
query_dense_24_161.cypher	1	query_dense_24_161.cypher
query_dense_24_162.cypher	1	query_dense_24_162.cypher
query_dense_24_163.cypher	1	query_dense_24_163.cypher
query_dense_24_164.cypher	1	query_dense_24_164.cypher
query_dense_24_165.cypher	1	query_dense_24_165.cypher
query_dense_24_166.cypher	1	query_dense_24_166.cypher
query_dense_24_167.cypher	1	query_dense_24_167.cypher
query_dense_24_168.cypher	1	query_dense_24_168.cypher
query_dense_24_169.cypher	1	query_dense_24_169.cypher
query_dense_24_170.cypher	1	query_dense_24_170.cypher
query_dense_24_171.cypher	1	query_dense_24_171.cypher
query_dense_24_172.cypher	1	query_dense_24_172.cypher
query_dense_24_173.cypher	1	query_dense_24_173.cypher
query_dense_24_174.cypher	1	query_dense_24_174.cypher
query_dense_24_175.cypher	1	query_dense_24_175.cypher
query_dense_24_176.cypher	1	query_dense_24_176.cypher
query_dense_24_177.cypher	1	query_dense_24_177.cypher
query_dense_24_178.cypher	1	query_dense_24_178.cypher
query_dense_24_179.cypher	1	query_dense_24_179.cypher
query_dense_24_180.cypher	1	query_dense_24_180.cypher
query_dense_24_181.cypher	1	query_dense_24_181.cypher
query_dense_24_182.cypher	1	query_dense_24_182.cypher
query_dense_24_183.cypher	1	query_dense_24_183.cypher
query_dense_24_184.cypher	1	query_dense_24_184.cypher
query_dense_24_185.cypher	1	query_dense_24_185.cypher
query_dense_24_186.cypher	1	query_dense_24_186.cypher
query_dense_24_187.cypher	1	query_dense_24_187.cypher
query_dense_24_188.cypher	1	query_dense_24_188.cypher
query_dense_24_189.cypher	1	query_dense_24_189.cypher
query_dense_24_190.cypher	1	query_dense_24_190.cypher
query_dense_24_192.cypher	1	query_dense_24_192.cypher
query_dense_24_193.cypher	1	query_dense_24_193.cypher
query_dense_24_194.cypher	1	query_dense_24_194.cypher
query_dense_24_195.cypher	1	query_dense_24_195.cypher
query_dense_24_196.cypher	1	query_dense_24_196.cypher
query_dense_24_197.cypher	1	query_dense_24_197.cypher
query_dense_24_198.cypher	1	query_dense_24_198.cypher
query_dense_24_199.cypher	1	query_dense_24_199.cypher
query_dense_24_200.cypher	1	query_dense_24_200.cypher
query_dense_32_1.cypher	1	query_dense_32_1.cypher
query_dense_32_2.cypher	1	query_dense_32_2.cypher
query_dense_32_3.cypher	1	query_dense_32_3.cypher
query_dense_32_4.cypher	1	query_dense_32_4.cypher
query_dense_32_5.cypher	1	query_dense_32_5.cypher
query_dense_32_6.cypher	1	query_dense_32_6.cypher
query_dense_32_7.cypher	1	query_dense_32_7.cypher
query_dense_32_8.cypher	1	query_dense_32_8.cypher
query_dense_32_9.cypher	1	query_dense_32_9.cypher
query_dense_32_10.cypher	1	query_dense_32_10.cypher
query_dense_32_11.cypher	1	query_dense_32_11.cypher
query_dense_32_12.cypher	1	query_dense_32_12.cypher
query_dense_32_13.cypher	1	query_dense_32_13.cypher
query_dense_32_14.cypher	1	query_dense_32_14.cypher
query_dense_32_15.cypher	1	query_dense_32_15.cypher
query_dense_32_16.cypher	1	query_dense_32_16.cypher
query_dense_32_17.cypher	1	query_dense_32_17.cypher
query_dense_32_18.cypher	1	query_dense_32_18.cypher
query_dense_32_19.cypher	1	query_dense_32_19.cypher
query_dense_32_20.cypher	1	query_dense_32_20.cypher
query_dense_32_21.cypher	1	query_dense_32_21.cypher
query_dense_32_22.cypher	1	query_dense_32_22.cypher
query_dense_32_23.cypher	1	query_dense_32_23.cypher
query_dense_32_24.cypher	1	query_dense_32_24.cypher
query_dense_32_25.cypher	1	query_dense_32_25.cypher
query_dense_32_26.cypher	1	query_dense_32_26.cypher
query_dense_32_27.cypher	1	query_dense_32_27.cypher
query_dense_32_28.cypher	1	query_dense_32_28.cypher
query_dense_32_29.cypher	1	query_dense_32_29.cypher
query_dense_32_30.cypher	1	query_dense_32_30.cypher
query_dense_32_31.cypher	1	query_dense_32_31.cypher
query_dense_32_32.cypher	1	query_dense_32_32.cypher
query_dense_32_33.cypher	1	query_dense_32_33.cypher
query_dense_32_34.cypher	1	query_dense_32_34.cypher
query_dense_32_35.cypher	1	query_dense_32_35.cypher
query_dense_32_36.cypher	1	query_dense_32_36.cypher
query_dense_32_37.cypher	1	query_dense_32_37.cypher
query_dense_32_38.cypher	1	query_dense_32_38.cypher
query_dense_32_39.cypher	1	query_dense_32_39.cypher
query_dense_32_40.cypher	1	query_dense_32_40.cypher
query_dense_32_41.cypher	1	query_dense_32_41.cypher
query_dense_32_42.cypher	1	query_dense_32_42.cypher
query_dense_32_43.cypher	1	query_dense_32_43.cypher
query_dense_32_44.cypher	1	query_dense_32_44.cypher
query_dense_32_45.cypher	1	query_dense_32_45.cypher
query_dense_32_46.cypher	1	query_dense_32_46.cypher
query_dense_32_47.cypher	1	query_dense_32_47.cypher
query_dense_32_48.cypher	1	query_dense_32_48.cypher
query_dense_32_49.cypher	1	query_dense_32_49.cypher
query_dense_32_50.cypher	1	query_dense_32_50.cypher
query_dense_32_51.cypher	1	query_dense_32_51.cypher
query_dense_32_52.cypher	1	query_dense_32_52.cypher
query_dense_32_53.cypher	1	query_dense_32_53.cypher
query_dense_32_54.cypher	1	query_dense_32_54.cypher
query_dense_32_55.cypher	1	query_dense_32_55.cypher
query_dense_32_56.cypher	1	query_dense_32_56.cypher
query_dense_32_57.cypher	1	query_dense_32_57.cypher
query_dense_32_58.cypher	1	query_dense_32_58.cypher
query_dense_32_59.cypher	1	query_dense_32_59.cypher
query_dense_32_60.cypher	1	query_dense_32_60.cypher
query_dense_32_61.cypher	1	query_dense_32_61.cypher
query_dense_32_62.cypher	1	query_dense_32_62.cypher
query_dense_32_63.cypher	1	query_dense_32_63.cypher
query_dense_32_64.cypher	1	query_dense_32_64.cypher
query_dense_32_65.cypher	1	query_dense_32_65.cypher
query_dense_32_66.cypher	1	query_dense_32_66.cypher
query_dense_32_67.cypher	1	query_dense_32_67.cypher
query_dense_32_68.cypher	1	query_dense_32_68.cypher
query_dense_32_69.cypher	1	query_dense_32_69.cypher
query_dense_32_70.cypher	1	query_dense_32_70.cypher
query_dense_32_71.cypher	1	query_dense_32_71.cypher
query_dense_32_72.cypher	1	query_dense_32_72.cypher
query_dense_32_73.cypher	1	query_dense_32_73.cypher
query_dense_32_74.cypher	1	query_dense_32_74.cypher
query_dense_32_75.cypher	1	query_dense_32_75.cypher
query_dense_32_76.cypher	1	query_dense_32_76.cypher
query_dense_32_77.cypher	1	query_dense_32_77.cypher
query_dense_32_78.cypher	1	query_dense_32_78.cypher
query_dense_32_79.cypher	1	query_dense_32_79.cypher
query_dense_32_80.cypher	1	query_dense_32_80.cypher
query_dense_32_81.cypher	1	query_dense_32_81.cypher
query_dense_32_82.cypher	1	query_dense_32_82.cypher
query_dense_32_83.cypher	1	query_dense_32_83.cypher
query_dense_32_84.cypher	1	query_dense_32_84.cypher
query_dense_32_85.cypher	1	query_dense_32_85.cypher
query_dense_32_86.cypher	1	query_dense_32_86.cypher
query_dense_32_87.cypher	1	query_dense_32_87.cypher
query_dense_32_88.cypher	1	query_dense_32_88.cypher
query_dense_32_89.cypher	1	query_dense_32_89.cypher
query_dense_32_90.cypher	1	query_dense_32_90.cypher
query_dense_32_91.cypher	1	query_dense_32_91.cypher
query_dense_32_92.cypher	1	query_dense_32_92.cypher
query_dense_32_93.cypher	1	query_dense_32_93.cypher
query_dense_32_94.cypher	1	query_dense_32_94.cypher
query_dense_32_95.cypher	1	query_dense_32_95.cypher
query_dense_32_96.cypher	1	query_dense_32_96.cypher
query_dense_32_97.cypher	1	query_dense_32_97.cypher
query_dense_32_98.cypher	1	query_dense_32_98.cypher
query_dense_32_99.cypher	1	query_dense_32_99.cypher
query_dense_32_100.cypher	1	query_dense_32_100.cypher
query_dense_32_101.cypher	1	query_dense_32_101.cypher
query_dense_32_102.cypher	1	query_dense_32_102.cypher
query_dense_32_103.cypher	1	query_dense_32_103.cypher
query_dense_32_104.cypher	1	query_dense_32_104.cypher
query_dense_32_105.cypher	1	query_dense_32_105.cypher
query_dense_32_106.cypher	1	query_dense_32_106.cypher
query_dense_32_107.cypher	1	query_dense_32_107.cypher
query_dense_32_108.cypher	1	query_dense_32_108.cypher
query_dense_32_109.cypher	1	query_dense_32_109.cypher
query_dense_32_110.cypher	1	query_dense_32_110.cypher
query_dense_32_111.cypher	1	query_dense_32_111.cypher
query_dense_32_112.cypher	1	query_dense_32_112.cypher
query_dense_32_113.cypher	1	query_dense_32_113.cypher
query_dense_32_114.cypher	1	query_dense_32_114.cypher
query_dense_32_115.cypher	1	query_dense_32_115.cypher
query_dense_32_116.cypher	1	query_dense_32_116.cypher
query_dense_32_117.cypher	1	query_dense_32_117.cypher
query_dense_32_118.cypher	1	query_dense_32_118.cypher
query_dense_32_119.cypher	1	query_dense_32_119.cypher
query_dense_32_120.cypher	1	query_dense_32_120.cypher
query_dense_32_121.cypher	1	query_dense_32_121.cypher
query_dense_32_122.cypher	1	query_dense_32_122.cypher
query_dense_32_123.cypher	1	query_dense_32_123.cypher
query_dense_32_124.cypher	1	query_dense_32_124.cypher
query_dense_32_125.cypher	1	query_dense_32_125.cypher
query_dense_32_126.cypher	1	query_dense_32_126.cypher
query_dense_32_127.cypher	1	query_dense_32_127.cypher
query_dense_32_128.cypher	1	query_dense_32_128.cypher
query_dense_32_129.cypher	1	query_dense_32_129.cypher
query_dense_32_130.cypher	1	query_dense_32_130.cypher
query_dense_32_131.cypher	1	query_dense_32_131.cypher
query_dense_32_132.cypher	1	query_dense_32_132.cypher
query_dense_32_133.cypher	1	query_dense_32_133.cypher
query_dense_32_134.cypher	1	query_dense_32_134.cypher
query_dense_32_135.cypher	1	query_dense_32_135.cypher
query_dense_32_136.cypher	1	query_dense_32_136.cypher
query_dense_32_137.cypher	1	query_dense_32_137.cypher
query_dense_32_138.cypher	1	query_dense_32_138.cypher
query_dense_32_139.cypher	1	query_dense_32_139.cypher
query_dense_32_140.cypher	1	query_dense_32_140.cypher
query_dense_32_141.cypher	1	query_dense_32_141.cypher
query_dense_32_142.cypher	1	query_dense_32_142.cypher
query_dense_32_143.cypher	1	query_dense_32_143.cypher
query_dense_32_144.cypher	1	query_dense_32_144.cypher
query_dense_32_145.cypher	1	query_dense_32_145.cypher
query_dense_32_146.cypher	1	query_dense_32_146.cypher
query_dense_32_147.cypher	1	query_dense_32_147.cypher
query_dense_32_148.cypher	1	query_dense_32_148.cypher
query_dense_32_149.cypher	1	query_dense_32_149.cypher
query_dense_32_150.cypher	1	query_dense_32_150.cypher
query_dense_32_151.cypher	1	query_dense_32_151.cypher
query_dense_32_152.cypher	1	query_dense_32_152.cypher
query_dense_32_153.cypher	1	query_dense_32_153.cypher
query_dense_32_154.cypher	1	query_dense_32_154.cypher
query_dense_32_155.cypher	1	query_dense_32_155.cypher
query_dense_32_156.cypher	1	query_dense_32_156.cypher
query_dense_32_157.cypher	1	query_dense_32_157.cypher
query_dense_32_158.cypher	1	query_dense_32_158.cypher
query_dense_32_159.cypher	1	query_dense_32_159.cypher
query_dense_32_160.cypher	1	query_dense_32_160.cypher
query_dense_32_161.cypher	1	query_dense_32_161.cypher
query_dense_32_162.cypher	1	query_dense_32_162.cypher
query_dense_32_163.cypher	1	query_dense_32_163.cypher
query_dense_32_164.cypher	1	query_dense_32_164.cypher
query_dense_32_165.cypher	1	query_dense_32_165.cypher
query_dense_32_166.cypher	1	query_dense_32_166.cypher
query_dense_32_167.cypher	1	query_dense_32_167.cypher
query_dense_32_168.cypher	1	query_dense_32_168.cypher
query_dense_32_169.cypher	1	query_dense_32_169.cypher
query_dense_32_170.cypher	1	query_dense_32_170.cypher
query_dense_32_171.cypher	1	query_dense_32_171.cypher
query_dense_32_172.cypher	1	query_dense_32_172.cypher
query_dense_32_173.cypher	1	query_dense_32_173.cypher
query_dense_32_174.cypher	1	query_dense_32_174.cypher
query_dense_32_175.cypher	1	query_dense_32_175.cypher
query_dense_32_176.cypher	1	query_dense_32_176.cypher
query_dense_32_177.cypher	1	query_dense_32_177.cypher
query_dense_32_178.cypher	1	query_dense_32_178.cypher
query_dense_32_179.cypher	1	query_dense_32_179.cypher
query_dense_32_180.cypher	1	query_dense_32_180.cypher
query_dense_32_181.cypher	1	query_dense_32_181.cypher
query_dense_32_182.cypher	1	query_dense_32_182.cypher
query_dense_32_183.cypher	1	query_dense_32_183.cypher
query_dense_32_184.cypher	1	query_dense_32_184.cypher
query_dense_32_185.cypher	1	query_dense_32_185.cypher
query_dense_32_186.cypher	1	query_dense_32_186.cypher
query_dense_32_187.cypher	1	query_dense_32_187.cypher
query_dense_32_188.cypher	1	query_dense_32_188.cypher
query_dense_32_189.cypher	1	query_dense_32_189.cypher
query_dense_32_190.cypher	1	query_dense_32_190.cypher
query_dense_32_191.cypher	1	query_dense_32_191.cypher
query_dense_32_192.cypher	1	query_dense_32_192.cypher
query_dense_32_193.cypher	1	query_dense_32_193.cypher
query_dense_32_194.cypher	1	query_dense_32_194.cypher
query_dense_32_195.cypher	1	query_dense_32_195.cypher
query_dense_32_196.cypher	1	query_dense_32_196.cypher
query_dense_32_197.cypher	1	query_dense_32_197.cypher
query_dense_32_198.cypher	1	query_dense_32_198.cypher
query_dense_32_199.cypher	1	query_dense_32_199.cypher
query_dense_32_200.cypher	1	query_dense_32_200.cypher
query_sparse_8_1.cypher	1	query_sparse_8_1.cypher
query_sparse_8_2.cypher	1	query_sparse_8_2.cypher
query_sparse_8_3.cypher	1	query_sparse_8_3.cypher
query_sparse_8_4.cypher	1	query_sparse_8_4.cypher
query_sparse_8_5.cypher	1	query_sparse_8_5.cypher
query_sparse_8_6.cypher	1	query_sparse_8_6.cypher
query_sparse_8_7.cypher	1	query_sparse_8_7.cypher
query_sparse_8_8.cypher	1	query_sparse_8_8.cypher
query_sparse_8_9.cypher	1	query_sparse_8_9.cypher
query_sparse_8_10.cypher	1	query_sparse_8_10.cypher
query_sparse_8_11.cypher	1	query_sparse_8_11.cypher
query_sparse_8_12.cypher	1	query_sparse_8_12.cypher
query_sparse_8_13.cypher	1	query_sparse_8_13.cypher
query_sparse_8_14.cypher	1	query_sparse_8_14.cypher
query_sparse_8_15.cypher	1	query_sparse_8_15.cypher
query_sparse_8_16.cypher	1	query_sparse_8_16.cypher
query_sparse_8_17.cypher	1	query_sparse_8_17.cypher
query_sparse_8_18.cypher	1	query_sparse_8_18.cypher
query_sparse_8_19.cypher	1	query_sparse_8_19.cypher
query_sparse_8_20.cypher	1	query_sparse_8_20.cypher
query_sparse_8_21.cypher	1	query_sparse_8_21.cypher
query_sparse_8_22.cypher	1	query_sparse_8_22.cypher
query_sparse_8_23.cypher	1	query_sparse_8_23.cypher
query_sparse_8_24.cypher	1	query_sparse_8_24.cypher
query_sparse_8_25.cypher	1	query_sparse_8_25.cypher
query_sparse_8_26.cypher	1	query_sparse_8_26.cypher
query_sparse_8_27.cypher	1	query_sparse_8_27.cypher
query_sparse_8_28.cypher	1	query_sparse_8_28.cypher
query_sparse_8_29.cypher	1	query_sparse_8_29.cypher
query_sparse_8_30.cypher	1	query_sparse_8_30.cypher
query_sparse_8_31.cypher	1	query_sparse_8_31.cypher
query_sparse_8_32.cypher	1	query_sparse_8_32.cypher
query_sparse_8_33.cypher	1	query_sparse_8_33.cypher
query_sparse_8_34.cypher	1	query_sparse_8_34.cypher
query_sparse_8_35.cypher	1	query_sparse_8_35.cypher
query_sparse_8_36.cypher	1	query_sparse_8_36.cypher
query_sparse_8_37.cypher	1	query_sparse_8_37.cypher
query_sparse_8_38.cypher	1	query_sparse_8_38.cypher
query_sparse_8_39.cypher	1	query_sparse_8_39.cypher
query_sparse_8_40.cypher	1	query_sparse_8_40.cypher
query_sparse_8_41.cypher	1	query_sparse_8_41.cypher
query_sparse_8_42.cypher	1	query_sparse_8_42.cypher
query_sparse_8_43.cypher	1	query_sparse_8_43.cypher
query_sparse_8_44.cypher	1	query_sparse_8_44.cypher
query_sparse_8_45.cypher	1	query_sparse_8_45.cypher
query_sparse_8_46.cypher	1	query_sparse_8_46.cypher
query_sparse_8_47.cypher	1	query_sparse_8_47.cypher
query_sparse_8_48.cypher	1	query_sparse_8_48.cypher
query_sparse_8_49.cypher	1	query_sparse_8_49.cypher
query_sparse_8_50.cypher	1	query_sparse_8_50.cypher
query_sparse_8_51.cypher	1	query_sparse_8_51.cypher
query_sparse_8_52.cypher	1	query_sparse_8_52.cypher
query_sparse_8_53.cypher	1	query_sparse_8_53.cypher
query_sparse_8_54.cypher	1	query_sparse_8_54.cypher
query_sparse_8_55.cypher	1	query_sparse_8_55.cypher
query_sparse_8_56.cypher	1	query_sparse_8_56.cypher
query_sparse_8_57.cypher	1	query_sparse_8_57.cypher
query_sparse_8_58.cypher	1	query_sparse_8_58.cypher
query_sparse_8_59.cypher	1	query_sparse_8_59.cypher
query_sparse_8_60.cypher	1	query_sparse_8_60.cypher
query_sparse_8_61.cypher	1	query_sparse_8_61.cypher
query_sparse_8_62.cypher	1	query_sparse_8_62.cypher
query_sparse_8_63.cypher	1	query_sparse_8_63.cypher
query_sparse_8_64.cypher	1	query_sparse_8_64.cypher
query_sparse_8_65.cypher	1	query_sparse_8_65.cypher
query_sparse_8_66.cypher	1	query_sparse_8_66.cypher
query_sparse_8_67.cypher	1	query_sparse_8_67.cypher
query_sparse_8_68.cypher	1	query_sparse_8_68.cypher
query_sparse_8_69.cypher	1	query_sparse_8_69.cypher
query_sparse_8_70.cypher	1	query_sparse_8_70.cypher
query_sparse_8_71.cypher	1	query_sparse_8_71.cypher
query_sparse_8_72.cypher	1	query_sparse_8_72.cypher
query_sparse_8_73.cypher	1	query_sparse_8_73.cypher
query_sparse_8_74.cypher	1	query_sparse_8_74.cypher
query_sparse_8_75.cypher	1	query_sparse_8_75.cypher
query_sparse_8_76.cypher	1	query_sparse_8_76.cypher
query_sparse_8_77.cypher	1	query_sparse_8_77.cypher
query_sparse_8_78.cypher	1	query_sparse_8_78.cypher
query_sparse_8_79.cypher	1	query_sparse_8_79.cypher
query_sparse_8_80.cypher	1	query_sparse_8_80.cypher
query_sparse_8_81.cypher	1	query_sparse_8_81.cypher
query_sparse_8_82.cypher	1	query_sparse_8_82.cypher
query_sparse_8_83.cypher	1	query_sparse_8_83.cypher
query_sparse_8_84.cypher	1	query_sparse_8_84.cypher
query_sparse_8_85.cypher	1	query_sparse_8_85.cypher
query_sparse_8_86.cypher	1	query_sparse_8_86.cypher
query_sparse_8_87.cypher	1	query_sparse_8_87.cypher
query_sparse_8_88.cypher	1	query_sparse_8_88.cypher
query_sparse_8_89.cypher	1	query_sparse_8_89.cypher
query_sparse_8_90.cypher	1	query_sparse_8_90.cypher
query_sparse_8_91.cypher	1	query_sparse_8_91.cypher
query_sparse_8_92.cypher	1	query_sparse_8_92.cypher
query_sparse_8_93.cypher	1	query_sparse_8_93.cypher
query_sparse_8_94.cypher	1	query_sparse_8_94.cypher
query_sparse_8_95.cypher	1	query_sparse_8_95.cypher
query_sparse_8_96.cypher	1	query_sparse_8_96.cypher
query_sparse_8_97.cypher	1	query_sparse_8_97.cypher
query_sparse_8_98.cypher	1	query_sparse_8_98.cypher
query_sparse_8_99.cypher	1	query_sparse_8_99.cypher
query_sparse_8_100.cypher	1	query_sparse_8_100.cypher
query_sparse_8_101.cypher	1	query_sparse_8_101.cypher
query_sparse_8_102.cypher	1	query_sparse_8_102.cypher
query_sparse_8_103.cypher	1	query_sparse_8_103.cypher
query_sparse_8_104.cypher	1	query_sparse_8_104.cypher
query_sparse_8_105.cypher	1	query_sparse_8_105.cypher
query_sparse_8_106.cypher	1	query_sparse_8_106.cypher
query_sparse_8_107.cypher	1	query_sparse_8_107.cypher
query_sparse_8_108.cypher	1	query_sparse_8_108.cypher
query_sparse_8_109.cypher	1	query_sparse_8_109.cypher
query_sparse_8_110.cypher	1	query_sparse_8_110.cypher
query_sparse_8_111.cypher	1	query_sparse_8_111.cypher
query_sparse_8_112.cypher	1	query_sparse_8_112.cypher
query_sparse_8_113.cypher	1	query_sparse_8_113.cypher
query_sparse_8_114.cypher	1	query_sparse_8_114.cypher
query_sparse_8_115.cypher	1	query_sparse_8_115.cypher
query_sparse_8_116.cypher	1	query_sparse_8_116.cypher
query_sparse_8_117.cypher	1	query_sparse_8_117.cypher
query_sparse_8_118.cypher	1	query_sparse_8_118.cypher
query_sparse_8_119.cypher	1	query_sparse_8_119.cypher
query_sparse_8_120.cypher	1	query_sparse_8_120.cypher
query_sparse_8_121.cypher	1	query_sparse_8_121.cypher
query_sparse_8_122.cypher	1	query_sparse_8_122.cypher
query_sparse_8_123.cypher	1	query_sparse_8_123.cypher
query_sparse_8_124.cypher	1	query_sparse_8_124.cypher
query_sparse_8_125.cypher	1	query_sparse_8_125.cypher
query_sparse_8_126.cypher	1	query_sparse_8_126.cypher
query_sparse_8_127.cypher	1	query_sparse_8_127.cypher
query_sparse_8_128.cypher	1	query_sparse_8_128.cypher
query_sparse_8_129.cypher	1	query_sparse_8_129.cypher
query_sparse_8_130.cypher	1	query_sparse_8_130.cypher
query_sparse_8_131.cypher	1	query_sparse_8_131.cypher
query_sparse_8_132.cypher	1	query_sparse_8_132.cypher
query_sparse_8_133.cypher	1	query_sparse_8_133.cypher
query_sparse_8_134.cypher	1	query_sparse_8_134.cypher
query_sparse_8_135.cypher	1	query_sparse_8_135.cypher
query_sparse_8_136.cypher	1	query_sparse_8_136.cypher
query_sparse_8_137.cypher	1	query_sparse_8_137.cypher
query_sparse_8_138.cypher	1	query_sparse_8_138.cypher
query_sparse_8_139.cypher	1	query_sparse_8_139.cypher
query_sparse_8_140.cypher	1	query_sparse_8_140.cypher
query_sparse_8_141.cypher	1	query_sparse_8_141.cypher
query_sparse_8_142.cypher	1	query_sparse_8_142.cypher
query_sparse_8_143.cypher	1	query_sparse_8_143.cypher
query_sparse_8_144.cypher	1	query_sparse_8_144.cypher
query_sparse_8_145.cypher	1	query_sparse_8_145.cypher
query_sparse_8_146.cypher	1	query_sparse_8_146.cypher
query_sparse_8_147.cypher	1	query_sparse_8_147.cypher
query_sparse_8_148.cypher	1	query_sparse_8_148.cypher
query_sparse_8_149.cypher	1	query_sparse_8_149.cypher
query_sparse_8_150.cypher	1	query_sparse_8_150.cypher
query_sparse_8_151.cypher	1	query_sparse_8_151.cypher
query_sparse_8_152.cypher	1	query_sparse_8_152.cypher
query_sparse_8_153.cypher	1	query_sparse_8_153.cypher
query_sparse_8_154.cypher	1	query_sparse_8_154.cypher
query_sparse_8_155.cypher	1	query_sparse_8_155.cypher
query_sparse_8_156.cypher	1	query_sparse_8_156.cypher
query_sparse_8_157.cypher	1	query_sparse_8_157.cypher
query_sparse_8_158.cypher	1	query_sparse_8_158.cypher
query_sparse_8_159.cypher	1	query_sparse_8_159.cypher
query_sparse_8_160.cypher	1	query_sparse_8_160.cypher
query_sparse_8_161.cypher	1	query_sparse_8_161.cypher
query_sparse_8_162.cypher	1	query_sparse_8_162.cypher
query_sparse_8_163.cypher	1	query_sparse_8_163.cypher
query_sparse_8_164.cypher	1	query_sparse_8_164.cypher
query_sparse_8_165.cypher	1	query_sparse_8_165.cypher
query_sparse_8_166.cypher	1	query_sparse_8_166.cypher
query_sparse_8_167.cypher	1	query_sparse_8_167.cypher
query_sparse_8_168.cypher	1	query_sparse_8_168.cypher
query_sparse_8_169.cypher	1	query_sparse_8_169.cypher
query_sparse_8_170.cypher	1	query_sparse_8_170.cypher
query_sparse_8_171.cypher	1	query_sparse_8_171.cypher
query_sparse_8_172.cypher	1	query_sparse_8_172.cypher
query_sparse_8_173.cypher	1	query_sparse_8_173.cypher
query_sparse_8_174.cypher	1	query_sparse_8_174.cypher
query_sparse_8_175.cypher	1	query_sparse_8_175.cypher
query_sparse_8_176.cypher	1	query_sparse_8_176.cypher
query_sparse_8_177.cypher	1	query_sparse_8_177.cypher
query_sparse_8_178.cypher	1	query_sparse_8_178.cypher
query_sparse_8_179.cypher	1	query_sparse_8_179.cypher
query_sparse_8_180.cypher	1	query_sparse_8_180.cypher
query_sparse_8_181.cypher	1	query_sparse_8_181.cypher
query_sparse_8_182.cypher	1	query_sparse_8_182.cypher
query_sparse_8_183.cypher	1	query_sparse_8_183.cypher
query_sparse_8_184.cypher	1	query_sparse_8_184.cypher
query_sparse_8_185.cypher	1	query_sparse_8_185.cypher
query_sparse_8_186.cypher	1	query_sparse_8_186.cypher
query_sparse_8_187.cypher	1	query_sparse_8_187.cypher
query_sparse_8_188.cypher	1	query_sparse_8_188.cypher
query_sparse_8_189.cypher	1	query_sparse_8_189.cypher
query_sparse_8_190.cypher	1	query_sparse_8_190.cypher
query_sparse_8_191.cypher	1	query_sparse_8_191.cypher
query_sparse_8_192.cypher	1	query_sparse_8_192.cypher
query_sparse_8_193.cypher	1	query_sparse_8_193.cypher
query_sparse_8_194.cypher	1	query_sparse_8_194.cypher
query_sparse_8_195.cypher	1	query_sparse_8_195.cypher
query_sparse_8_196.cypher	1	query_sparse_8_196.cypher
query_sparse_8_197.cypher	1	query_sparse_8_197.cypher
query_sparse_8_198.cypher	1	query_sparse_8_198.cypher
query_sparse_8_199.cypher	1	query_sparse_8_199.cypher
query_sparse_8_200.cypher	1	query_sparse_8_200.cypher
query_sparse_16_1.cypher	1	query_sparse_16_1.cypher
query_sparse_16_2.cypher	1	query_sparse_16_2.cypher
query_sparse_16_3.cypher	1	query_sparse_16_3.cypher
query_sparse_16_4.cypher	1	query_sparse_16_4.cypher
query_sparse_16_5.cypher	1	query_sparse_16_5.cypher
query_sparse_16_6.cypher	1	query_sparse_16_6.cypher
query_sparse_16_7.cypher	1	query_sparse_16_7.cypher
query_sparse_16_8.cypher	1	query_sparse_16_8.cypher
query_sparse_16_9.cypher	1	query_sparse_16_9.cypher
query_sparse_16_10.cypher	1	query_sparse_16_10.cypher
query_sparse_16_11.cypher	1	query_sparse_16_11.cypher
query_sparse_16_12.cypher	1	query_sparse_16_12.cypher
query_sparse_16_13.cypher	1	query_sparse_16_13.cypher
query_sparse_16_14.cypher	1	query_sparse_16_14.cypher
query_sparse_16_15.cypher	1	query_sparse_16_15.cypher
query_sparse_16_16.cypher	1	query_sparse_16_16.cypher
query_sparse_16_17.cypher	1	query_sparse_16_17.cypher
query_sparse_16_18.cypher	1	query_sparse_16_18.cypher
query_sparse_16_19.cypher	1	query_sparse_16_19.cypher
query_sparse_16_20.cypher	1	query_sparse_16_20.cypher
query_sparse_16_21.cypher	1	query_sparse_16_21.cypher
query_sparse_16_22.cypher	1	query_sparse_16_22.cypher
query_sparse_16_23.cypher	1	query_sparse_16_23.cypher
query_sparse_16_24.cypher	1	query_sparse_16_24.cypher
query_sparse_16_25.cypher	1	query_sparse_16_25.cypher
query_sparse_16_26.cypher	1	query_sparse_16_26.cypher
query_sparse_16_27.cypher	1	query_sparse_16_27.cypher
query_sparse_16_28.cypher	1	query_sparse_16_28.cypher
query_sparse_16_29.cypher	1	query_sparse_16_29.cypher
query_sparse_16_30.cypher	1	query_sparse_16_30.cypher
query_sparse_16_31.cypher	1	query_sparse_16_31.cypher
query_sparse_16_32.cypher	1	query_sparse_16_32.cypher
query_sparse_16_33.cypher	1	query_sparse_16_33.cypher
query_sparse_16_34.cypher	1	query_sparse_16_34.cypher
query_sparse_16_35.cypher	1	query_sparse_16_35.cypher
query_sparse_16_36.cypher	1	query_sparse_16_36.cypher
query_sparse_16_37.cypher	1	query_sparse_16_37.cypher
query_sparse_16_38.cypher	1	query_sparse_16_38.cypher
query_sparse_16_39.cypher	1	query_sparse_16_39.cypher
query_sparse_16_40.cypher	1	query_sparse_16_40.cypher
query_sparse_16_41.cypher	1	query_sparse_16_41.cypher
query_sparse_16_42.cypher	1	query_sparse_16_42.cypher
query_sparse_16_43.cypher	1	query_sparse_16_43.cypher
query_sparse_16_44.cypher	1	query_sparse_16_44.cypher
query_sparse_16_45.cypher	1	query_sparse_16_45.cypher
query_sparse_16_46.cypher	1	query_sparse_16_46.cypher
query_sparse_16_47.cypher	1	query_sparse_16_47.cypher
query_sparse_16_48.cypher	1	query_sparse_16_48.cypher
query_sparse_16_49.cypher	1	query_sparse_16_49.cypher
query_sparse_16_50.cypher	1	query_sparse_16_50.cypher
query_sparse_16_51.cypher	1	query_sparse_16_51.cypher
query_sparse_16_52.cypher	1	query_sparse_16_52.cypher
query_sparse_16_53.cypher	1	query_sparse_16_53.cypher
query_sparse_16_54.cypher	1	query_sparse_16_54.cypher
query_sparse_16_55.cypher	1	query_sparse_16_55.cypher
query_sparse_16_56.cypher	1	query_sparse_16_56.cypher
query_sparse_16_57.cypher	1	query_sparse_16_57.cypher
query_sparse_16_58.cypher	1	query_sparse_16_58.cypher
query_sparse_16_59.cypher	1	query_sparse_16_59.cypher
query_sparse_16_60.cypher	1	query_sparse_16_60.cypher
query_sparse_16_61.cypher	1	query_sparse_16_61.cypher
query_sparse_16_62.cypher	1	query_sparse_16_62.cypher
query_sparse_16_63.cypher	1	query_sparse_16_63.cypher
query_sparse_16_64.cypher	1	query_sparse_16_64.cypher
query_sparse_16_65.cypher	1	query_sparse_16_65.cypher
query_sparse_16_66.cypher	1	query_sparse_16_66.cypher
query_sparse_16_67.cypher	1	query_sparse_16_67.cypher
query_sparse_16_68.cypher	1	query_sparse_16_68.cypher
query_sparse_16_69.cypher	1	query_sparse_16_69.cypher
query_sparse_16_70.cypher	1	query_sparse_16_70.cypher
query_sparse_16_71.cypher	1	query_sparse_16_71.cypher
query_sparse_16_72.cypher	1	query_sparse_16_72.cypher
query_sparse_16_73.cypher	1	query_sparse_16_73.cypher
query_sparse_16_74.cypher	1	query_sparse_16_74.cypher
query_sparse_16_75.cypher	1	query_sparse_16_75.cypher
query_sparse_16_76.cypher	1	query_sparse_16_76.cypher
query_sparse_16_77.cypher	1	query_sparse_16_77.cypher
query_sparse_16_78.cypher	1	query_sparse_16_78.cypher
query_sparse_16_79.cypher	1	query_sparse_16_79.cypher
query_sparse_16_80.cypher	1	query_sparse_16_80.cypher
query_sparse_16_81.cypher	1	query_sparse_16_81.cypher
query_sparse_16_82.cypher	1	query_sparse_16_82.cypher
query_sparse_16_83.cypher	1	query_sparse_16_83.cypher
query_sparse_16_84.cypher	1	query_sparse_16_84.cypher
query_sparse_16_85.cypher	1	query_sparse_16_85.cypher
query_sparse_16_86.cypher	1	query_sparse_16_86.cypher
query_sparse_16_87.cypher	1	query_sparse_16_87.cypher
query_sparse_16_88.cypher	1	query_sparse_16_88.cypher
query_sparse_16_89.cypher	1	query_sparse_16_89.cypher
query_sparse_16_90.cypher	1	query_sparse_16_90.cypher
query_sparse_16_91.cypher	1	query_sparse_16_91.cypher
query_sparse_16_92.cypher	1	query_sparse_16_92.cypher
query_sparse_16_93.cypher	1	query_sparse_16_93.cypher
query_sparse_16_94.cypher	1	query_sparse_16_94.cypher
query_sparse_16_95.cypher	1	query_sparse_16_95.cypher
query_sparse_16_96.cypher	1	query_sparse_16_96.cypher
query_sparse_16_97.cypher	1	query_sparse_16_97.cypher
query_sparse_16_98.cypher	1	query_sparse_16_98.cypher
query_sparse_16_99.cypher	1	query_sparse_16_99.cypher
query_sparse_16_100.cypher	1	query_sparse_16_100.cypher
query_sparse_16_101.cypher	1	query_sparse_16_101.cypher
query_sparse_16_102.cypher	1	query_sparse_16_102.cypher
query_sparse_16_103.cypher	1	query_sparse_16_103.cypher
query_sparse_16_104.cypher	1	query_sparse_16_104.cypher
query_sparse_16_105.cypher	1	query_sparse_16_105.cypher
query_sparse_16_106.cypher	1	query_sparse_16_106.cypher
query_sparse_16_107.cypher	1	query_sparse_16_107.cypher
query_sparse_16_108.cypher	1	query_sparse_16_108.cypher
query_sparse_16_109.cypher	1	query_sparse_16_109.cypher
query_sparse_16_110.cypher	1	query_sparse_16_110.cypher
query_sparse_16_111.cypher	1	query_sparse_16_111.cypher
query_sparse_16_112.cypher	1	query_sparse_16_112.cypher
query_sparse_16_113.cypher	1	query_sparse_16_113.cypher
query_sparse_16_114.cypher	1	query_sparse_16_114.cypher
query_sparse_16_115.cypher	1	query_sparse_16_115.cypher
query_sparse_16_116.cypher	1	query_sparse_16_116.cypher
query_sparse_16_117.cypher	1	query_sparse_16_117.cypher
query_sparse_16_118.cypher	1	query_sparse_16_118.cypher
query_sparse_16_119.cypher	1	query_sparse_16_119.cypher
query_sparse_16_120.cypher	1	query_sparse_16_120.cypher
query_sparse_16_121.cypher	1	query_sparse_16_121.cypher
query_sparse_16_122.cypher	1	query_sparse_16_122.cypher
query_sparse_16_123.cypher	1	query_sparse_16_123.cypher
query_sparse_16_124.cypher	1	query_sparse_16_124.cypher
query_sparse_16_125.cypher	1	query_sparse_16_125.cypher
query_sparse_16_126.cypher	1	query_sparse_16_126.cypher
query_sparse_16_127.cypher	1	query_sparse_16_127.cypher
query_sparse_16_128.cypher	1	query_sparse_16_128.cypher
query_sparse_16_129.cypher	1	query_sparse_16_129.cypher
query_sparse_16_130.cypher	1	query_sparse_16_130.cypher
query_sparse_16_131.cypher	1	query_sparse_16_131.cypher
query_sparse_16_132.cypher	1	query_sparse_16_132.cypher
query_sparse_16_133.cypher	1	query_sparse_16_133.cypher
query_sparse_16_134.cypher	1	query_sparse_16_134.cypher
query_sparse_16_135.cypher	1	query_sparse_16_135.cypher
query_sparse_16_136.cypher	1	query_sparse_16_136.cypher
query_sparse_16_137.cypher	1	query_sparse_16_137.cypher
query_sparse_16_138.cypher	1	query_sparse_16_138.cypher
query_sparse_16_139.cypher	1	query_sparse_16_139.cypher
query_sparse_16_140.cypher	1	query_sparse_16_140.cypher
query_sparse_16_141.cypher	1	query_sparse_16_141.cypher
query_sparse_16_142.cypher	1	query_sparse_16_142.cypher
query_sparse_16_143.cypher	1	query_sparse_16_143.cypher
query_sparse_16_144.cypher	1	query_sparse_16_144.cypher
query_sparse_16_145.cypher	1	query_sparse_16_145.cypher
query_sparse_16_146.cypher	1	query_sparse_16_146.cypher
query_sparse_16_147.cypher	1	query_sparse_16_147.cypher
query_sparse_16_148.cypher	1	query_sparse_16_148.cypher
query_sparse_16_149.cypher	1	query_sparse_16_149.cypher
query_sparse_16_150.cypher	1	query_sparse_16_150.cypher
query_sparse_16_151.cypher	1	query_sparse_16_151.cypher
query_sparse_16_152.cypher	1	query_sparse_16_152.cypher
query_sparse_16_153.cypher	1	query_sparse_16_153.cypher
query_sparse_16_154.cypher	1	query_sparse_16_154.cypher
query_sparse_16_155.cypher	1	query_sparse_16_155.cypher
query_sparse_16_156.cypher	1	query_sparse_16_156.cypher
query_sparse_16_157.cypher	1	query_sparse_16_157.cypher
query_sparse_16_158.cypher	1	query_sparse_16_158.cypher
query_sparse_16_159.cypher	1	query_sparse_16_159.cypher
query_sparse_16_160.cypher	1	query_sparse_16_160.cypher
query_sparse_16_161.cypher	1	query_sparse_16_161.cypher
query_sparse_16_162.cypher	1	query_sparse_16_162.cypher
query_sparse_16_163.cypher	1	query_sparse_16_163.cypher
query_sparse_16_164.cypher	1	query_sparse_16_164.cypher
query_sparse_16_165.cypher	1	query_sparse_16_165.cypher
query_sparse_16_166.cypher	1	query_sparse_16_166.cypher
query_sparse_16_167.cypher	1	query_sparse_16_167.cypher
query_sparse_16_168.cypher	1	query_sparse_16_168.cypher
query_sparse_16_169.cypher	1	query_sparse_16_169.cypher
query_sparse_16_170.cypher	1	query_sparse_16_170.cypher
query_sparse_16_171.cypher	1	query_sparse_16_171.cypher
query_sparse_16_172.cypher	1	query_sparse_16_172.cypher
query_sparse_16_173.cypher	1	query_sparse_16_173.cypher
query_sparse_16_174.cypher	1	query_sparse_16_174.cypher
query_sparse_16_175.cypher	1	query_sparse_16_175.cypher
query_sparse_16_176.cypher	1	query_sparse_16_176.cypher
query_sparse_16_177.cypher	1	query_sparse_16_177.cypher
query_sparse_16_178.cypher	1	query_sparse_16_178.cypher
query_sparse_16_179.cypher	1	query_sparse_16_179.cypher
query_sparse_16_180.cypher	1	query_sparse_16_180.cypher
query_sparse_16_181.cypher	1	query_sparse_16_181.cypher
query_sparse_16_182.cypher	1	query_sparse_16_182.cypher
query_sparse_16_183.cypher	1	query_sparse_16_183.cypher
query_sparse_16_184.cypher	1	query_sparse_16_184.cypher
query_sparse_16_185.cypher	1	query_sparse_16_185.cypher
query_sparse_16_186.cypher	1	query_sparse_16_186.cypher
query_sparse_16_187.cypher	1	query_sparse_16_187.cypher
query_sparse_16_188.cypher	1	query_sparse_16_188.cypher
query_sparse_16_189.cypher	1	query_sparse_16_189.cypher
query_sparse_16_190.cypher	1	query_sparse_16_190.cypher
query_sparse_16_191.cypher	1	query_sparse_16_191.cypher
query_sparse_16_192.cypher	1	query_sparse_16_192.cypher
query_sparse_16_193.cypher	1	query_sparse_16_193.cypher
query_sparse_16_194.cypher	1	query_sparse_16_194.cypher
query_sparse_16_195.cypher	1	query_sparse_16_195.cypher
query_sparse_16_196.cypher	1	query_sparse_16_196.cypher
query_sparse_16_197.cypher	1	query_sparse_16_197.cypher
query_sparse_16_198.cypher	1	query_sparse_16_198.cypher
query_sparse_16_199.cypher	1	query_sparse_16_199.cypher
query_sparse_16_200.cypher	1	query_sparse_16_200.cypher
query_sparse_24_1.cypher	1	query_sparse_24_1.cypher
query_sparse_24_2.cypher	1	query_sparse_24_2.cypher
query_sparse_24_3.cypher	1	query_sparse_24_3.cypher
query_sparse_24_4.cypher	1	query_sparse_24_4.cypher
query_sparse_24_5.cypher	1	query_sparse_24_5.cypher
query_sparse_24_6.cypher	1	query_sparse_24_6.cypher
query_sparse_24_7.cypher	1	query_sparse_24_7.cypher
query_sparse_24_8.cypher	1	query_sparse_24_8.cypher
query_sparse_24_9.cypher	1	query_sparse_24_9.cypher
query_sparse_24_10.cypher	1	query_sparse_24_10.cypher
query_sparse_24_11.cypher	1	query_sparse_24_11.cypher
query_sparse_24_12.cypher	1	query_sparse_24_12.cypher
query_sparse_24_13.cypher	1	query_sparse_24_13.cypher
query_sparse_24_14.cypher	1	query_sparse_24_14.cypher
query_sparse_24_15.cypher	1	query_sparse_24_15.cypher
query_sparse_24_16.cypher	1	query_sparse_24_16.cypher
query_sparse_24_17.cypher	1	query_sparse_24_17.cypher
query_sparse_24_18.cypher	1	query_sparse_24_18.cypher
query_sparse_24_19.cypher	1	query_sparse_24_19.cypher
query_sparse_24_20.cypher	1	query_sparse_24_20.cypher
query_sparse_24_21.cypher	1	query_sparse_24_21.cypher
query_sparse_24_22.cypher	1	query_sparse_24_22.cypher
query_sparse_24_23.cypher	1	query_sparse_24_23.cypher
query_sparse_24_24.cypher	1	query_sparse_24_24.cypher
query_sparse_24_25.cypher	1	query_sparse_24_25.cypher
query_sparse_24_26.cypher	1	query_sparse_24_26.cypher
query_sparse_24_27.cypher	1	query_sparse_24_27.cypher
query_sparse_24_28.cypher	1	query_sparse_24_28.cypher
query_sparse_24_29.cypher	1	query_sparse_24_29.cypher
query_sparse_24_30.cypher	1	query_sparse_24_30.cypher
query_sparse_24_31.cypher	1	query_sparse_24_31.cypher
query_sparse_24_32.cypher	1	query_sparse_24_32.cypher
query_sparse_24_33.cypher	1	query_sparse_24_33.cypher
query_sparse_24_34.cypher	1	query_sparse_24_34.cypher
query_sparse_24_35.cypher	1	query_sparse_24_35.cypher
query_sparse_24_36.cypher	1	query_sparse_24_36.cypher
query_sparse_24_37.cypher	1	query_sparse_24_37.cypher
query_sparse_24_38.cypher	1	query_sparse_24_38.cypher
query_sparse_24_39.cypher	1	query_sparse_24_39.cypher
query_sparse_24_40.cypher	1	query_sparse_24_40.cypher
query_sparse_24_41.cypher	1	query_sparse_24_41.cypher
query_sparse_24_42.cypher	1	query_sparse_24_42.cypher
query_sparse_24_43.cypher	1	query_sparse_24_43.cypher
query_sparse_24_44.cypher	1	query_sparse_24_44.cypher
query_sparse_24_45.cypher	1	query_sparse_24_45.cypher
query_sparse_24_46.cypher	1	query_sparse_24_46.cypher
query_sparse_24_47.cypher	1	query_sparse_24_47.cypher
query_sparse_24_48.cypher	1	query_sparse_24_48.cypher
query_sparse_24_49.cypher	1	query_sparse_24_49.cypher
query_sparse_24_50.cypher	1	query_sparse_24_50.cypher
query_sparse_24_51.cypher	1	query_sparse_24_51.cypher
query_sparse_24_52.cypher	1	query_sparse_24_52.cypher
query_sparse_24_53.cypher	1	query_sparse_24_53.cypher
query_sparse_24_54.cypher	1	query_sparse_24_54.cypher
query_sparse_24_55.cypher	1	query_sparse_24_55.cypher
query_sparse_24_56.cypher	1	query_sparse_24_56.cypher
query_sparse_24_57.cypher	1	query_sparse_24_57.cypher
query_sparse_24_58.cypher	1	query_sparse_24_58.cypher
query_sparse_24_59.cypher	1	query_sparse_24_59.cypher
query_sparse_24_60.cypher	1	query_sparse_24_60.cypher
query_sparse_24_61.cypher	1	query_sparse_24_61.cypher
query_sparse_24_62.cypher	1	query_sparse_24_62.cypher
query_sparse_24_63.cypher	1	query_sparse_24_63.cypher
query_sparse_24_64.cypher	1	query_sparse_24_64.cypher
query_sparse_24_65.cypher	1	query_sparse_24_65.cypher
query_sparse_24_66.cypher	1	query_sparse_24_66.cypher
query_sparse_24_67.cypher	1	query_sparse_24_67.cypher
query_sparse_24_68.cypher	1	query_sparse_24_68.cypher
query_sparse_24_69.cypher	1	query_sparse_24_69.cypher
query_sparse_24_70.cypher	1	query_sparse_24_70.cypher
query_sparse_24_71.cypher	1	query_sparse_24_71.cypher
query_sparse_24_72.cypher	1	query_sparse_24_72.cypher
query_sparse_24_73.cypher	1	query_sparse_24_73.cypher
query_sparse_24_74.cypher	1	query_sparse_24_74.cypher
query_sparse_24_75.cypher	1	query_sparse_24_75.cypher
query_sparse_24_76.cypher	1	query_sparse_24_76.cypher
query_sparse_24_77.cypher	1	query_sparse_24_77.cypher
query_sparse_24_78.cypher	1	query_sparse_24_78.cypher
query_sparse_24_79.cypher	1	query_sparse_24_79.cypher
query_sparse_24_80.cypher	1	query_sparse_24_80.cypher
query_sparse_24_81.cypher	1	query_sparse_24_81.cypher
query_sparse_24_82.cypher	1	query_sparse_24_82.cypher
query_sparse_24_83.cypher	1	query_sparse_24_83.cypher
query_sparse_24_84.cypher	1	query_sparse_24_84.cypher
query_sparse_24_85.cypher	1	query_sparse_24_85.cypher
query_sparse_24_86.cypher	1	query_sparse_24_86.cypher
query_sparse_24_87.cypher	1	query_sparse_24_87.cypher
query_sparse_24_88.cypher	1	query_sparse_24_88.cypher
query_sparse_24_89.cypher	1	query_sparse_24_89.cypher
query_sparse_24_90.cypher	1	query_sparse_24_90.cypher
query_sparse_24_91.cypher	1	query_sparse_24_91.cypher
query_sparse_24_92.cypher	1	query_sparse_24_92.cypher
query_sparse_24_93.cypher	1	query_sparse_24_93.cypher
query_sparse_24_94.cypher	1	query_sparse_24_94.cypher
query_sparse_24_95.cypher	1	query_sparse_24_95.cypher
query_sparse_24_96.cypher	1	query_sparse_24_96.cypher
query_sparse_24_97.cypher	1	query_sparse_24_97.cypher
query_sparse_24_98.cypher	1	query_sparse_24_98.cypher
query_sparse_24_99.cypher	1	query_sparse_24_99.cypher
query_sparse_24_100.cypher	1	query_sparse_24_100.cypher
query_sparse_24_101.cypher	1	query_sparse_24_101.cypher
query_sparse_24_102.cypher	1	query_sparse_24_102.cypher
query_sparse_24_103.cypher	1	query_sparse_24_103.cypher
query_sparse_24_104.cypher	1	query_sparse_24_104.cypher
query_sparse_24_105.cypher	1	query_sparse_24_105.cypher
query_sparse_24_106.cypher	1	query_sparse_24_106.cypher
query_sparse_24_107.cypher	1	query_sparse_24_107.cypher
query_sparse_24_108.cypher	1	query_sparse_24_108.cypher
query_sparse_24_109.cypher	1	query_sparse_24_109.cypher
query_sparse_24_110.cypher	1	query_sparse_24_110.cypher
query_sparse_24_111.cypher	1	query_sparse_24_111.cypher
query_sparse_24_112.cypher	1	query_sparse_24_112.cypher
query_sparse_24_113.cypher	1	query_sparse_24_113.cypher
query_sparse_24_114.cypher	1	query_sparse_24_114.cypher
query_sparse_24_115.cypher	1	query_sparse_24_115.cypher
query_sparse_24_116.cypher	1	query_sparse_24_116.cypher
query_sparse_24_117.cypher	1	query_sparse_24_117.cypher
query_sparse_24_118.cypher	1	query_sparse_24_118.cypher
query_sparse_24_119.cypher	1	query_sparse_24_119.cypher
query_sparse_24_120.cypher	1	query_sparse_24_120.cypher
query_sparse_24_121.cypher	1	query_sparse_24_121.cypher
query_sparse_24_122.cypher	1	query_sparse_24_122.cypher
query_sparse_24_123.cypher	1	query_sparse_24_123.cypher
query_sparse_24_124.cypher	1	query_sparse_24_124.cypher
query_sparse_24_125.cypher	1	query_sparse_24_125.cypher
query_sparse_24_126.cypher	1	query_sparse_24_126.cypher
query_sparse_24_127.cypher	1	query_sparse_24_127.cypher
query_sparse_24_128.cypher	1	query_sparse_24_128.cypher
query_sparse_24_129.cypher	1	query_sparse_24_129.cypher
query_sparse_24_130.cypher	1	query_sparse_24_130.cypher
query_sparse_24_131.cypher	1	query_sparse_24_131.cypher
query_sparse_24_132.cypher	1	query_sparse_24_132.cypher
query_sparse_24_133.cypher	1	query_sparse_24_133.cypher
query_sparse_24_134.cypher	1	query_sparse_24_134.cypher
query_sparse_24_135.cypher	1	query_sparse_24_135.cypher
query_sparse_24_136.cypher	1	query_sparse_24_136.cypher
query_sparse_24_137.cypher	1	query_sparse_24_137.cypher
query_sparse_24_138.cypher	1	query_sparse_24_138.cypher
query_sparse_24_139.cypher	1	query_sparse_24_139.cypher
query_sparse_24_140.cypher	1	query_sparse_24_140.cypher
query_sparse_24_141.cypher	1	query_sparse_24_141.cypher
query_sparse_24_142.cypher	1	query_sparse_24_142.cypher
query_sparse_24_143.cypher	1	query_sparse_24_143.cypher
query_sparse_24_144.cypher	1	query_sparse_24_144.cypher
query_sparse_24_145.cypher	1	query_sparse_24_145.cypher
query_sparse_24_146.cypher	1	query_sparse_24_146.cypher
query_sparse_24_147.cypher	1	query_sparse_24_147.cypher
query_sparse_24_148.cypher	1	query_sparse_24_148.cypher
query_sparse_24_149.cypher	1	query_sparse_24_149.cypher
query_sparse_24_150.cypher	1	query_sparse_24_150.cypher
query_sparse_24_151.cypher	1	query_sparse_24_151.cypher
query_sparse_24_152.cypher	1	query_sparse_24_152.cypher
query_sparse_24_153.cypher	1	query_sparse_24_153.cypher
query_sparse_24_154.cypher	1	query_sparse_24_154.cypher
query_sparse_24_155.cypher	1	query_sparse_24_155.cypher
query_sparse_24_156.cypher	1	query_sparse_24_156.cypher
query_sparse_24_157.cypher	1	query_sparse_24_157.cypher
query_sparse_24_158.cypher	1	query_sparse_24_158.cypher
query_sparse_24_159.cypher	1	query_sparse_24_159.cypher
query_sparse_24_160.cypher	1	query_sparse_24_160.cypher
query_sparse_24_161.cypher	1	query_sparse_24_161.cypher
query_sparse_24_162.cypher	1	query_sparse_24_162.cypher
query_sparse_24_163.cypher	1	query_sparse_24_163.cypher
query_sparse_24_164.cypher	1	query_sparse_24_164.cypher
query_sparse_24_165.cypher	1	query_sparse_24_165.cypher
query_sparse_24_166.cypher	1	query_sparse_24_166.cypher
query_sparse_24_167.cypher	1	query_sparse_24_167.cypher
query_sparse_24_168.cypher	1	query_sparse_24_168.cypher
query_sparse_24_169.cypher	1	query_sparse_24_169.cypher
query_sparse_24_170.cypher	1	query_sparse_24_170.cypher
query_sparse_24_171.cypher	1	query_sparse_24_171.cypher
query_sparse_24_172.cypher	1	query_sparse_24_172.cypher
query_sparse_24_173.cypher	1	query_sparse_24_173.cypher
query_sparse_24_174.cypher	1	query_sparse_24_174.cypher
query_sparse_24_175.cypher	1	query_sparse_24_175.cypher
query_sparse_24_176.cypher	1	query_sparse_24_176.cypher
query_sparse_24_177.cypher	1	query_sparse_24_177.cypher
query_sparse_24_178.cypher	1	query_sparse_24_178.cypher
query_sparse_24_179.cypher	1	query_sparse_24_179.cypher
query_sparse_24_180.cypher	1	query_sparse_24_180.cypher
query_sparse_24_181.cypher	1	query_sparse_24_181.cypher
query_sparse_24_182.cypher	1	query_sparse_24_182.cypher
query_sparse_24_183.cypher	1	query_sparse_24_183.cypher
query_sparse_24_184.cypher	1	query_sparse_24_184.cypher
query_sparse_24_185.cypher	1	query_sparse_24_185.cypher
query_sparse_24_186.cypher	1	query_sparse_24_186.cypher
query_sparse_24_187.cypher	1	query_sparse_24_187.cypher
query_sparse_24_188.cypher	1	query_sparse_24_188.cypher
query_sparse_24_189.cypher	1	query_sparse_24_189.cypher
query_sparse_24_190.cypher	1	query_sparse_24_190.cypher
query_sparse_24_191.cypher	1	query_sparse_24_191.cypher
query_sparse_24_192.cypher	1	query_sparse_24_192.cypher
query_sparse_24_193.cypher	1	query_sparse_24_193.cypher
query_sparse_24_194.cypher	1	query_sparse_24_194.cypher
query_sparse_24_195.cypher	1	query_sparse_24_195.cypher
query_sparse_24_196.cypher	1	query_sparse_24_196.cypher
query_sparse_24_197.cypher	1	query_sparse_24_197.cypher
query_sparse_24_198.cypher	1	query_sparse_24_198.cypher
query_sparse_24_199.cypher	1	query_sparse_24_199.cypher
query_sparse_24_200.cypher	1	query_sparse_24_200.cypher
query_sparse_32_1.cypher	1	query_sparse_32_1.cypher
query_sparse_32_2.cypher	1	query_sparse_32_2.cypher
query_sparse_32_3.cypher	1	query_sparse_32_3.cypher
query_sparse_32_4.cypher	1	query_sparse_32_4.cypher
query_sparse_32_5.cypher	1	query_sparse_32_5.cypher
query_sparse_32_6.cypher	1	query_sparse_32_6.cypher
query_sparse_32_7.cypher	1	query_sparse_32_7.cypher
query_sparse_32_8.cypher	1	query_sparse_32_8.cypher
query_sparse_32_9.cypher	1	query_sparse_32_9.cypher
query_sparse_32_10.cypher	1	query_sparse_32_10.cypher
query_sparse_32_11.cypher	1	query_sparse_32_11.cypher
query_sparse_32_12.cypher	1	query_sparse_32_12.cypher
query_sparse_32_13.cypher	1	query_sparse_32_13.cypher
query_sparse_32_14.cypher	1	query_sparse_32_14.cypher
query_sparse_32_15.cypher	1	query_sparse_32_15.cypher
query_sparse_32_16.cypher	1	query_sparse_32_16.cypher
query_sparse_32_17.cypher	1	query_sparse_32_17.cypher
query_sparse_32_18.cypher	1	query_sparse_32_18.cypher
query_sparse_32_19.cypher	1	query_sparse_32_19.cypher
query_sparse_32_20.cypher	1	query_sparse_32_20.cypher
query_sparse_32_21.cypher	1	query_sparse_32_21.cypher
query_sparse_32_22.cypher	1	query_sparse_32_22.cypher
query_sparse_32_23.cypher	1	query_sparse_32_23.cypher
query_sparse_32_24.cypher	1	query_sparse_32_24.cypher
query_sparse_32_25.cypher	1	query_sparse_32_25.cypher
query_sparse_32_26.cypher	1	query_sparse_32_26.cypher
query_sparse_32_27.cypher	1	query_sparse_32_27.cypher
query_sparse_32_28.cypher	1	query_sparse_32_28.cypher
query_sparse_32_29.cypher	1	query_sparse_32_29.cypher
query_sparse_32_30.cypher	1	query_sparse_32_30.cypher
query_sparse_32_31.cypher	1	query_sparse_32_31.cypher
query_sparse_32_32.cypher	1	query_sparse_32_32.cypher
query_sparse_32_33.cypher	1	query_sparse_32_33.cypher
query_sparse_32_34.cypher	1	query_sparse_32_34.cypher
query_sparse_32_35.cypher	1	query_sparse_32_35.cypher
query_sparse_32_36.cypher	1	query_sparse_32_36.cypher
query_sparse_32_37.cypher	1	query_sparse_32_37.cypher
query_sparse_32_38.cypher	1	query_sparse_32_38.cypher
query_sparse_32_39.cypher	1	query_sparse_32_39.cypher
query_sparse_32_40.cypher	1	query_sparse_32_40.cypher
query_sparse_32_41.cypher	1	query_sparse_32_41.cypher
query_sparse_32_42.cypher	1	query_sparse_32_42.cypher
query_sparse_32_43.cypher	1	query_sparse_32_43.cypher
query_sparse_32_44.cypher	1	query_sparse_32_44.cypher
query_sparse_32_45.cypher	1	query_sparse_32_45.cypher
query_sparse_32_46.cypher	1	query_sparse_32_46.cypher
query_sparse_32_47.cypher	1	query_sparse_32_47.cypher
query_sparse_32_48.cypher	1	query_sparse_32_48.cypher
query_sparse_32_49.cypher	1	query_sparse_32_49.cypher
query_sparse_32_50.cypher	1	query_sparse_32_50.cypher
query_sparse_32_51.cypher	1	query_sparse_32_51.cypher
query_sparse_32_52.cypher	1	query_sparse_32_52.cypher
query_sparse_32_53.cypher	1	query_sparse_32_53.cypher
query_sparse_32_54.cypher	1	query_sparse_32_54.cypher
query_sparse_32_55.cypher	1	query_sparse_32_55.cypher
query_sparse_32_56.cypher	1	query_sparse_32_56.cypher
query_sparse_32_57.cypher	1	query_sparse_32_57.cypher
query_sparse_32_58.cypher	1	query_sparse_32_58.cypher
query_sparse_32_59.cypher	1	query_sparse_32_59.cypher
query_sparse_32_60.cypher	1	query_sparse_32_60.cypher
query_sparse_32_61.cypher	1	query_sparse_32_61.cypher
query_sparse_32_62.cypher	1	query_sparse_32_62.cypher
query_sparse_32_63.cypher	1	query_sparse_32_63.cypher
query_sparse_32_64.cypher	1	query_sparse_32_64.cypher
query_sparse_32_65.cypher	1	query_sparse_32_65.cypher
query_sparse_32_66.cypher	1	query_sparse_32_66.cypher
query_sparse_32_67.cypher	1	query_sparse_32_67.cypher
query_sparse_32_68.cypher	1	query_sparse_32_68.cypher
query_sparse_32_69.cypher	1	query_sparse_32_69.cypher
query_sparse_32_70.cypher	1	query_sparse_32_70.cypher
query_sparse_32_71.cypher	1	query_sparse_32_71.cypher
query_sparse_32_72.cypher	1	query_sparse_32_72.cypher
query_sparse_32_73.cypher	1	query_sparse_32_73.cypher
query_sparse_32_74.cypher	1	query_sparse_32_74.cypher
query_sparse_32_75.cypher	1	query_sparse_32_75.cypher
query_sparse_32_76.cypher	1	query_sparse_32_76.cypher
query_sparse_32_77.cypher	1	query_sparse_32_77.cypher
query_sparse_32_78.cypher	1	query_sparse_32_78.cypher
query_sparse_32_79.cypher	1	query_sparse_32_79.cypher
query_sparse_32_80.cypher	1	query_sparse_32_80.cypher
query_sparse_32_81.cypher	1	query_sparse_32_81.cypher
query_sparse_32_82.cypher	1	query_sparse_32_82.cypher
query_sparse_32_83.cypher	1	query_sparse_32_83.cypher
query_sparse_32_84.cypher	1	query_sparse_32_84.cypher
query_sparse_32_85.cypher	1	query_sparse_32_85.cypher
query_sparse_32_86.cypher	1	query_sparse_32_86.cypher
query_sparse_32_87.cypher	1	query_sparse_32_87.cypher
query_sparse_32_88.cypher	1	query_sparse_32_88.cypher
query_sparse_32_89.cypher	1	query_sparse_32_89.cypher
query_sparse_32_90.cypher	1	query_sparse_32_90.cypher
query_sparse_32_91.cypher	1	query_sparse_32_91.cypher
query_sparse_32_92.cypher	1	query_sparse_32_92.cypher
query_sparse_32_93.cypher	1	query_sparse_32_93.cypher
query_sparse_32_94.cypher	1	query_sparse_32_94.cypher
query_sparse_32_95.cypher	1	query_sparse_32_95.cypher
query_sparse_32_96.cypher	1	query_sparse_32_96.cypher
query_sparse_32_97.cypher	1	query_sparse_32_97.cypher
query_sparse_32_98.cypher	1	query_sparse_32_98.cypher
query_sparse_32_99.cypher	1	query_sparse_32_99.cypher
query_sparse_32_100.cypher	1	query_sparse_32_100.cypher
query_sparse_32_101.cypher	1	query_sparse_32_101.cypher
query_sparse_32_102.cypher	1	query_sparse_32_102.cypher
query_sparse_32_103.cypher	1	query_sparse_32_103.cypher
query_sparse_32_104.cypher	1	query_sparse_32_104.cypher
query_sparse_32_105.cypher	1	query_sparse_32_105.cypher
query_sparse_32_106.cypher	1	query_sparse_32_106.cypher
query_sparse_32_107.cypher	1	query_sparse_32_107.cypher
query_sparse_32_108.cypher	1	query_sparse_32_108.cypher
query_sparse_32_109.cypher	1	query_sparse_32_109.cypher
query_sparse_32_110.cypher	1	query_sparse_32_110.cypher
query_sparse_32_111.cypher	1	query_sparse_32_111.cypher
query_sparse_32_112.cypher	1	query_sparse_32_112.cypher
query_sparse_32_113.cypher	1	query_sparse_32_113.cypher
query_sparse_32_114.cypher	1	query_sparse_32_114.cypher
query_sparse_32_115.cypher	1	query_sparse_32_115.cypher
query_sparse_32_116.cypher	1	query_sparse_32_116.cypher
query_sparse_32_117.cypher	1	query_sparse_32_117.cypher
query_sparse_32_118.cypher	1	query_sparse_32_118.cypher
query_sparse_32_119.cypher	1	query_sparse_32_119.cypher
query_sparse_32_120.cypher	1	query_sparse_32_120.cypher
query_sparse_32_121.cypher	1	query_sparse_32_121.cypher
query_sparse_32_122.cypher	1	query_sparse_32_122.cypher
query_sparse_32_123.cypher	1	query_sparse_32_123.cypher
query_sparse_32_124.cypher	1	query_sparse_32_124.cypher
query_sparse_32_125.cypher	1	query_sparse_32_125.cypher
query_sparse_32_126.cypher	1	query_sparse_32_126.cypher
query_sparse_32_127.cypher	1	query_sparse_32_127.cypher
query_sparse_32_128.cypher	1	query_sparse_32_128.cypher
query_sparse_32_129.cypher	1	query_sparse_32_129.cypher
query_sparse_32_130.cypher	1	query_sparse_32_130.cypher
query_sparse_32_131.cypher	1	query_sparse_32_131.cypher
query_sparse_32_132.cypher	1	query_sparse_32_132.cypher
query_sparse_32_133.cypher	1	query_sparse_32_133.cypher
query_sparse_32_134.cypher	1	query_sparse_32_134.cypher
query_sparse_32_135.cypher	1	query_sparse_32_135.cypher
query_sparse_32_136.cypher	1	query_sparse_32_136.cypher
query_sparse_32_137.cypher	1	query_sparse_32_137.cypher
query_sparse_32_138.cypher	1	query_sparse_32_138.cypher
query_sparse_32_139.cypher	1	query_sparse_32_139.cypher
query_sparse_32_140.cypher	1	query_sparse_32_140.cypher
query_sparse_32_141.cypher	1	query_sparse_32_141.cypher
query_sparse_32_142.cypher	1	query_sparse_32_142.cypher
query_sparse_32_143.cypher	1	query_sparse_32_143.cypher
query_sparse_32_144.cypher	1	query_sparse_32_144.cypher
query_sparse_32_145.cypher	1	query_sparse_32_145.cypher
query_sparse_32_146.cypher	1	query_sparse_32_146.cypher
query_sparse_32_147.cypher	1	query_sparse_32_147.cypher
query_sparse_32_148.cypher	1	query_sparse_32_148.cypher
query_sparse_32_149.cypher	1	query_sparse_32_149.cypher
query_sparse_32_150.cypher	1	query_sparse_32_150.cypher
query_sparse_32_151.cypher	1	query_sparse_32_151.cypher
query_sparse_32_152.cypher	1	query_sparse_32_152.cypher
query_sparse_32_153.cypher	1	query_sparse_32_153.cypher
query_sparse_32_154.cypher	1	query_sparse_32_154.cypher
query_sparse_32_155.cypher	1	query_sparse_32_155.cypher
query_sparse_32_156.cypher	1	query_sparse_32_156.cypher
query_sparse_32_157.cypher	1	query_sparse_32_157.cypher
query_sparse_32_158.cypher	1	query_sparse_32_158.cypher
query_sparse_32_159.cypher	1	query_sparse_32_159.cypher
query_sparse_32_160.cypher	1	query_sparse_32_160.cypher
query_sparse_32_161.cypher	1	query_sparse_32_161.cypher
query_sparse_32_162.cypher	1	query_sparse_32_162.cypher
query_sparse_32_163.cypher	1	query_sparse_32_163.cypher
query_sparse_32_164.cypher	1	query_sparse_32_164.cypher
query_sparse_32_165.cypher	1	query_sparse_32_165.cypher
query_sparse_32_166.cypher	1	query_sparse_32_166.cypher
query_sparse_32_167.cypher	1	query_sparse_32_167.cypher
query_sparse_32_168.cypher	1	query_sparse_32_168.cypher
query_sparse_32_169.cypher	1	query_sparse_32_169.cypher
query_sparse_32_170.cypher	1	query_sparse_32_170.cypher
query_sparse_32_171.cypher	1	query_sparse_32_171.cypher
query_sparse_32_172.cypher	1	query_sparse_32_172.cypher
query_sparse_32_173.cypher	1	query_sparse_32_173.cypher
query_sparse_32_174.cypher	1	query_sparse_32_174.cypher
query_sparse_32_175.cypher	1	query_sparse_32_175.cypher
query_sparse_32_176.cypher	1	query_sparse_32_176.cypher
query_sparse_32_177.cypher	1	query_sparse_32_177.cypher
query_sparse_32_178.cypher	1	query_sparse_32_178.cypher
query_sparse_32_179.cypher	1	query_sparse_32_179.cypher
query_sparse_32_180.cypher	1	query_sparse_32_180.cypher
query_sparse_32_181.cypher	1	query_sparse_32_181.cypher
query_sparse_32_182.cypher	1	query_sparse_32_182.cypher
query_sparse_32_183.cypher	1	query_sparse_32_183.cypher
query_sparse_32_184.cypher	1	query_sparse_32_184.cypher
query_sparse_32_185.cypher	1	query_sparse_32_185.cypher
query_sparse_32_186.cypher	1	query_sparse_32_186.cypher
query_sparse_32_187.cypher	1	query_sparse_32_187.cypher
query_sparse_32_188.cypher	1	query_sparse_32_188.cypher
query_sparse_32_189.cypher	1	query_sparse_32_189.cypher
query_sparse_32_190.cypher	1	query_sparse_32_190.cypher
query_sparse_32_191.cypher	1	query_sparse_32_191.cypher
query_sparse_32_192.cypher	1	query_sparse_32_192.cypher
query_sparse_32_193.cypher	1	query_sparse_32_193.cypher
query_sparse_32_194.cypher	1	query_sparse_32_194.cypher
query_sparse_32_195.cypher	1	query_sparse_32_195.cypher
query_sparse_32_196.cypher	1	query_sparse_32_196.cypher
query_sparse_32_197.cypher	1	query_sparse_32_197.cypher
query_sparse_32_198.cypher	1	query_sparse_32_198.cypher
query_sparse_32_199.cypher	1	query_sparse_32_199.cypher
query_sparse_32_200.cypher	1	query_sparse_32_200.cypher
